Sample_Name,sample_base,matrix,carrageenan,concentration_label,replicate,corr_n_points,corr_tau50_s,corr_tau20_s,corr_auc_logx,corr_initial_slope_logx,corr_y_start,corr_y_end
L_3S-1mg_mL 1,L_3S-1mg_mL,water,lambda,1 mg/mL,1.0,192,2032.2849861922296,5822.765857798588,3.520641071829402,-0.004233399745838297,0.892,0.0
L_3S-1mg_mL 2,L_3S-1mg_mL,water,lambda,1 mg/mL,2.0,192,2132.6795287159334,8076.700661846723,3.5887387346932487,-0.004650357299351221,0.908,0.0
L_3S-1mg_mL 3,L_3S-1mg_mL,water,lambda,1 mg/mL,3.0,192,1758.7841546584602,5857.663020917024,3.4402998722118463,-0.0042661505107259795,0.833,0.0
L_3S-1mg_mL-mean,,,,,,192,2032.2849861922296,5822.765857798588,3.520641071829402,-0.004233399745838297,0.892,0.0
L_3S-35ug_mL 1,L_3S-35ug_mL,water,lambda,35 ug/mL,1.0,192,1373.3728261534552,38814.13943070888,3.568301913077366,-0.013397941051790797,0.666,0.0
L_3S-35ug_mL 2,L_3S-35ug_mL,water,lambda,35 ug/mL,2.0,192,921.252489342798,3442.3550039214147,3.3552295211112684,-0.016328461575876325,0.583,0.0
L_3S-35ug_mL 3,L_3S-35ug_mL,water,lambda,35 ug/mL,3.0,192,796.3573318554934,2388.957984690659,3.191251491558812,-0.020311551824084728,0.471,0.0
L_3S-35ug_mL-mean,,,,,,192,1373.3728261534552,38814.13943070888,3.568301913077366,-0.013397941051790797,0.666,0.0
aMEM-Ctrl 1,aMEM-Ctrl,medium,,,1.0,192,9168.515536516436,63896.93266406856,4.028026398382868,-0.046865069246040746,0.893,0.0
aMEM-Ctrl 2,aMEM-Ctrl,medium,,,2.0,192,542.5184872926591,1618.230501011975,3.1414085765830664,-0.1005996822931445,0.358,0.0
aMEM-Ctrl 3,aMEM-Ctrl,medium,,,3.0,192,876.5510752131041,4666.1580928395015,3.349639572508852,-0.08050687631556491,0.329,0.0
aMEM-Ctrl-mean,,,,,,192,9168.515536516436,63896.93266406856,4.028026398382868,-0.046865069246040746,0.893,0.0
aMEM_10pct-Ctrl 1,aMEM_10pct-Ctrl,medium,,,1.0,192,21.667985579071754,61.94820765643282,1.6472077242348542,-0.17759506472840272,0.735,0.0
aMEM_10pct-Ctrl 2,aMEM_10pct-Ctrl,medium,,,2.0,192,21.24003627968175,60.725825960074935,1.6377248999006433,-0.17246635412180036,0.732,0.0
aMEM_10pct-Ctrl 3,aMEM_10pct-Ctrl,medium,,,3.0,192,21.287165727371672,61.180009821523676,1.642997364672091,-0.18059180679674056,0.731,0.0
aMEM_10pct-Ctrl-mean,,,,,,192,21.667985579071754,61.94820765643282,1.6472077242348542,-0.17759506472840272,0.735,0.0
aMEM_10pct-L_3s 1,aMEM_10pct-L_3s,medium,lambda,35 ug/mL,1.0,192,30.503349648796245,102.3113415621181,1.7921412125496456,-0.13114147249897265,0.824,0.0
aMEM_10pct-L_3s 2,aMEM_10pct-L_3s,medium,lambda,35 ug/mL,2.0,192,30.702000697699212,102.29134627520082,1.7925907350535981,-0.13379963945025394,0.83,0.0
aMEM_10pct-L_3s 3,aMEM_10pct-L_3s,medium,lambda,35 ug/mL,3.0,192,30.434355587066406,99.70609171646042,1.7889336006104095,-0.13359609586059384,0.826,0.0
aMEM_10pct-L_3s-mean,,,,,,192,30.503349648796245,102.3113415621181,1.7921412125496456,-0.13114147249897265,0.824,0.0
aMEM_10pct-i_2s 1,aMEM_10pct-i_2s,medium,iota,20 ug/mL,1.0,192,25.480384612481807,77.60697443560807,1.7208370447904342,-0.15439784564245318,0.802,0.0
aMEM_10pct-i_2s 2,aMEM_10pct-i_2s,medium,iota,20 ug/mL,2.0,192,24.822530288399513,74.04548954027989,1.7008589804647851,-0.1606762792210516,0.801,0.0
aMEM_10pct-i_2s 3,aMEM_10pct-i_2s,medium,iota,20 ug/mL,3.0,192,24.45037493786815,73.96354151413404,1.70185348528479,-0.1600108000058824,0.799,0.0
aMEM_10pct-i_2s-mean,,,,,,192,25.480384612481807,77.60697443560807,1.7208370447904342,-0.15439784564245318,0.802,0.0
aMEM_10pct-k_1s 1,aMEM_10pct-k_1s,medium,kappa,100 ug/mL,1.0,192,26.135558999405823,79.79136672583692,1.729766273990804,-0.14225508714350768,0.744,0.0
aMEM_10pct-k_1s 2,aMEM_10pct-k_1s,medium,kappa,100 ug/mL,2.0,192,25.166623949176632,76.7858609191856,1.716858852045138,-0.15157241602384958,0.747,0.0
aMEM_10pct-k_1s 3,aMEM_10pct-k_1s,medium,kappa,100 ug/mL,3.0,192,24.344021162990597,73.7059975601687,1.6984590066931786,-0.15237086743671846,0.737,0.0
aMEM_10pct-k_1s-mean,,,,,,192,26.135558999405823,79.79136672583692,1.729766273990804,-0.14225508714350768,0.744,0.0
i_2S-1mg_mL 1,i_2S-1mg_mL,water,iota,1 mg/mL,1.0,192,1171.6203498250354,11121.403586355622,3.4742465389460055,-0.006161057399680597,0.982,0.0
i_2S-1mg_mL 2,i_2S-1mg_mL,water,iota,1 mg/mL,2.0,192,788.3995104343065,2860.1758215148925,3.229416517778364,-0.008518263773037172,0.872,0.0
i_2S-1mg_mL 3,i_2S-1mg_mL,water,iota,1 mg/mL,3.0,192,725.2267109903668,2599.0566636802128,3.2003913765177145,-0.010451769252408444,0.872,0.0
i_2S-1mg_mL-mean,,,,,,192,1171.6203498250354,11121.403586355622,3.4742465389460055,-0.006161057399680597,0.982,0.0
i_2S-20ug_mL 1,i_2S-20ug_mL,water,iota,20 ug/mL,1.0,192,7502.600484892899,75516.26580635279,4.057829111882042,-0.005925932107354317,1.17,0.0
i_2S-20ug_mL 2,i_2S-20ug_mL,water,iota,20 ug/mL,2.0,192,929.0281540031176,127739.38530845109,3.6397153186998645,-0.02114856869837369,0.528,0.0
i_2S-20ug_mL 3,i_2S-20ug_mL,water,iota,20 ug/mL,3.0,192,888.269060648219,6095.790598523446,3.452716191123092,0.001381956064746392,0.299,0.0
i_2S-20ug_mL-mean,,,,,,192,7502.600484892899,75516.26580635279,4.057829111882042,-0.005925932107354317,1.17,0.0
k_1s-100ug_mL 1,k_1s-100ug_mL,water,kappa,100 ug/mL,1.0,192,1499.73548343071,5050.684442406753,3.4103258793956805,0.03540717442864559,0.0949,0.0
k_1s-100ug_mL 2,k_1s-100ug_mL,water,kappa,100 ug/mL,2.0,192,1474.4272523801335,5179.766875564852,3.4449086792434844,0.037767398158770095,0.0879,0.0
k_1s-100ug_mL 3,k_1s-100ug_mL,water,kappa,100 ug/mL,3.0,192,1028.0111989442617,3290.4280803449124,3.2426934085763675,0.03826754648867087,0.0773,0.0
k_1s-100ug_mL-mean,,,,,,192,1499.73548343071,5050.684442406753,3.4103258793956805,0.03540717442864559,0.0949,0.0
k_1s-1mg_mL 1,k_1s-1mg_mL,water,kappa,1 mg/mL,1.0,192,990.2501577682847,2831.0184749140963,3.2201749551039467,-0.006161038778670318,0.837,0.0
k_1s-1mg_mL 2,k_1s-1mg_mL,water,kappa,1 mg/mL,2.0,192,842.8137761776914,2024.9401242633455,3.1147256255045406,-0.0038555612200908175,0.826,0.0
k_1s-1mg_mL 3,k_1s-1mg_mL,water,kappa,1 mg/mL,3.0,192,824.0196123625939,1944.7311033592084,3.1323133462588197,-0.0036930579604948738,0.801,0.0
k_1s-1mg_mL-mean,,,,,,192,990.2501577682847,2831.0184749140963,3.2201749551039467,-0.006161038778670318,0.837,0.0
milli_q-water 1,milli_q-water,water,,,1.0,192,1.851765221823839,4144433.5944649577,6.347740696396091,-0.1203197408905111,0.0792,0.0
