sample_base,carrageenan,matrix,point_index,x_mean,y_mean,y_std,n
L_3S-1mg_mL,lambda,water,1,0.5563333333333333,0.17866666666666667,0.021361959960016157,3
L_3S-1mg_mL,lambda,water,2,0.5113333333333333,0.14133333333333334,0.020305992547357384,3
L_3S-1mg_mL,lambda,water,3,0.4563333333333333,0.10046666666666666,0.017951415914443443,3
L_3S-1mg_mL,lambda,water,4,0.4043333333333334,0.06456666666666667,0.014800788267296222,3
L_3S-1mg_mL,lambda,water,5,0.3546666666666667,0.04176666666666667,0.011472721269748227,3
L_3S-1mg_mL,lambda,water,6,0.3026666666666667,0.32006666666666667,0.5100453836016294,3
L_3S-1mg_mL,lambda,water,7,0.25966666666666666,0.3098633333333333,0.517140223762698,3
L_3S-1mg_mL,lambda,water,8,0.22866666666666666,0.3057,0.5207424349906583,3
L_3S-1mg_mL,lambda,water,9,0.20266666666666666,0.3033533333333333,0.5227735250883822,3
L_3S-1mg_mL,lambda,water,10,0.16920000000000002,0.9246666666666666,0.018583146486355163,3
L_3S-1mg_mL,lambda,water,11,0.6346666666666666,0.9253333333333332,0.018903262505010385,3
L_3S-1mg_mL,lambda,water,12,0.7743333333333333,0.9226666666666666,0.018583146486355163,3
L_3S-1mg_mL,lambda,water,13,0.9446666666666667,0.922,0.01969771560359222,3
L_3S-1mg_mL,lambda,water,14,1.282,0.9213333333333334,0.019857828011475377,3
L_3S-1mg_mL,lambda,water,15,1.6056666666666668,0.9196666666666667,0.020984120980716153,3
L_3S-1mg_mL,lambda,water,16,1.9293333333333333,0.9183333333333333,0.020599352740640505,3
L_3S-1mg_mL,lambda,water,17,2.5738,0.9170000000000001,0.02211334438749598,3
L_3S-1mg_mL,lambda,water,18,3.2266999999999997,0.9143333333333334,0.02230097157823698,3
L_3S-1mg_mL,lambda,water,19,4.833333333333333,0.912,0.023811761799581315,3
L_3S-1mg_mL,lambda,water,20,6.166666666666667,0.9096666666666667,0.023437861108329298,3
L_3S-1mg_mL,lambda,water,21,7.833333333333333,0.9066666666666667,0.026083200212652816,3
L_3S-1mg_mL,lambda,water,22,9.833333333333334,0.9036666666666667,0.027024680078279104,3
L_3S-1mg_mL,lambda,water,23,12.5,0.899,0.02816025568065747,3
L_3S-1mg_mL,lambda,water,24,15.833333333333334,0.8943333333333333,0.031005375877955973,3
L_3S-1mg_mL,lambda,water,25,19.833333333333332,0.8889999999999999,0.033286633954186504,3
L_3S-1mg_mL,lambda,water,26,25.166666666666668,0.883,0.03593048844644337,3
L_3S-1mg_mL,lambda,water,27,30.5,0.8763333333333333,0.039576929306520674,3
L_3S-1mg_mL,lambda,water,28,37.833333333333336,0.8673333333333333,0.043015501081974335,3
L_3S-1mg_mL,lambda,water,29,48.666666666666664,0.858,0.04543126676640215,3
L_3S-1mg_mL,lambda,water,30,62.0,0.8473333333333333,0.050816663933530064,3
L_3S-1mg_mL,lambda,water,31,76.66666666666667,0.8336666666666667,0.0563234705370091,3
L_3S-1mg_mL,lambda,water,32,98.0,0.8203333333333332,0.0595343038368077,3
L_3S-1mg_mL,lambda,water,33,124.66666666666667,0.8043333333333332,0.06733745861950342,3
L_3S-1mg_mL,lambda,water,34,154.0,0.7843333333333332,0.07595612768785238,3
L_3S-1mg_mL,lambda,water,35,194.0,0.7633333333333333,0.08031396723692166,3
L_3S-1mg_mL,lambda,water,36,247.33333333333334,0.7400000000000001,0.09124143795447327,3
L_3S-1mg_mL,lambda,water,37,306.3333333333333,0.71,0.1033295698239377,3
L_3S-1mg_mL,lambda,water,38,391.6666666666667,0.6779999999999999,0.11024064586167845,3
L_3S-1mg_mL,lambda,water,39,498.6666666666667,0.6433333333333333,0.12522113772575832,3
L_3S-1mg_mL,lambda,water,40,614.0,0.6006666666666667,0.13412804827228844,3
L_3S-1mg_mL-mean,lambda,water,1,0.637,0.191,,1
L_3S-1mg_mL-mean,lambda,water,2,0.594,0.155,,1
L_3S-1mg_mL-mean,lambda,water,3,0.535,0.115,,1
L_3S-1mg_mL-mean,lambda,water,4,0.472,0.078,,1
L_3S-1mg_mL-mean,lambda,water,5,0.42,0.0528,,1
L_3S-1mg_mL-mean,lambda,water,6,0.365,0.0294,,1
L_3S-1mg_mL-mean,lambda,water,7,0.315,0.0135,,1
L_3S-1mg_mL-mean,lambda,water,8,0.285,0.00624,,1
L_3S-1mg_mL-mean,lambda,water,9,0.262,0.00196,,1
L_3S-1mg_mL-mean,lambda,water,10,0.249,0.94,,1
L_3S-1mg_mL-mean,lambda,water,11,0.229,0.94,,1
L_3S-1mg_mL-mean,lambda,water,12,0.193,0.938,,1
L_3S-1mg_mL-mean,lambda,water,13,0.2,0.938,,1
L_3S-1mg_mL-mean,lambda,water,14,0.227,0.937,,1
L_3S-1mg_mL-mean,lambda,water,15,0.209,0.936,,1
L_3S-1mg_mL-mean,lambda,water,16,0.179,0.934,,1
L_3S-1mg_mL-mean,lambda,water,17,0.134,0.934,,1
L_3S-1mg_mL-mean,lambda,water,18,0.083,0.931,,1
L_3S-1mg_mL-mean,lambda,water,19,1.5,0.93,,1
L_3S-1mg_mL-mean,lambda,water,20,2.0,0.927,,1
L_3S-1mg_mL-mean,lambda,water,21,2.5,0.926,,1
L_3S-1mg_mL-mean,lambda,water,22,3.5,0.924,,1
L_3S-1mg_mL-mean,lambda,water,23,4.5,0.92,,1
L_3S-1mg_mL-mean,lambda,water,24,5.5,0.917,,1
L_3S-1mg_mL-mean,lambda,water,25,7.5,0.913,,1
L_3S-1mg_mL-mean,lambda,water,26,9.5,0.909,,1
L_3S-1mg_mL-mean,lambda,water,27,11.5,0.904,,1
L_3S-1mg_mL-mean,lambda,water,28,14.5,0.897,,1
L_3S-1mg_mL-mean,lambda,water,29,18.5,0.89,,1
L_3S-1mg_mL-mean,lambda,water,30,22.5,0.882,,1
L_3S-1mg_mL-mean,lambda,water,31,28.5,0.872,,1
L_3S-1mg_mL-mean,lambda,water,32,36.5,0.861,,1
L_3S-1mg_mL-mean,lambda,water,33,44.5,0.85,,1
L_3S-1mg_mL-mean,lambda,water,34,56.5,0.835,,1
L_3S-1mg_mL-mean,lambda,water,35,68.5,0.817,,1
L_3S-1mg_mL-mean,lambda,water,36,84.5,0.8,,1
L_3S-1mg_mL-mean,lambda,water,37,109.0,0.777,,1
L_3S-1mg_mL-mean,lambda,water,38,141.0,0.749,,1
L_3S-1mg_mL-mean,lambda,water,39,173.0,0.723,,1
L_3S-1mg_mL-mean,lambda,water,40,221.0,0.685,,1
L_3S-35ug_mL,lambda,water,1,0.36833333333333335,0.1471,0.09205177890730847,3
L_3S-35ug_mL,lambda,water,2,0.333,0.12103333333333334,0.07704481379906977,3
L_3S-35ug_mL,lambda,water,3,0.29733333333333334,0.09043333333333332,0.058805300214634836,3
L_3S-35ug_mL,lambda,water,4,0.27799999999999997,0.0614,0.04096986697562002,3
L_3S-35ug_mL,lambda,water,5,0.27366666666666667,0.041666666666666664,0.028419066369839343,3
L_3S-35ug_mL,lambda,water,6,0.27133333333333337,0.023363333333333333,0.016383346219052245,3
L_3S-35ug_mL,lambda,water,7,0.25266666666666665,0.010833333333333334,0.007853771917577777,3
L_3S-35ug_mL,lambda,water,8,0.24333333333333332,0.005033333333333333,0.0037568115914074435,3
L_3S-35ug_mL,lambda,water,9,0.23866666666666667,0.001601,0.0012346307140193781,3
L_3S-35ug_mL,lambda,water,10,0.23099999999999998,0.7353333333333333,0.0660025252042172,3
L_3S-35ug_mL,lambda,water,11,0.22733333333333336,0.7373333333333334,0.07000238091188989,3
L_3S-35ug_mL,lambda,water,12,0.21466666666666667,0.7336666666666667,0.06800980321492875,3
L_3S-35ug_mL,lambda,water,13,0.2008333333333333,0.7353333333333333,0.07050059101407112,3
L_3S-35ug_mL,lambda,water,14,0.19223333333333334,0.7333333333333334,0.07000238091188989,3
L_3S-35ug_mL,lambda,water,15,0.18113333333333334,0.7316666666666668,0.067515430335097,3
L_3S-35ug_mL,lambda,water,16,0.14363333333333334,0.7296666666666667,0.07100938905055681,3
L_3S-35ug_mL,lambda,water,17,0.11803333333333332,0.7290000000000001,0.06950539547402064,3
L_3S-35ug_mL,lambda,water,18,0.06343333333333333,0.727,0.07250517222929685,3
L_3S-35ug_mL,lambda,water,19,1.5,0.7233333333333333,0.07051477386571793,3
L_3S-35ug_mL,lambda,water,20,2.0,0.7203333333333334,0.07050059101407123,3
L_3S-35ug_mL,lambda,water,21,2.5,0.7183333333333334,0.07150058274820797,3
L_3S-35ug_mL,lambda,water,22,3.5,0.715,0.07002142529254891,3
L_3S-35ug_mL,lambda,water,23,4.5,0.711,0.07002142529254891,3
L_3S-35ug_mL,lambda,water,24,5.5,0.7066666666666667,0.07151456728061308,3
L_3S-35ug_mL,lambda,water,25,7.5,0.7003333333333334,0.0720578471322405,3
L_3S-35ug_mL,lambda,water,26,9.5,0.6953333333333332,0.07205784713224041,3
L_3S-35ug_mL,lambda,water,27,11.5,0.6893333333333334,0.07205784713224046,3
L_3S-35ug_mL,lambda,water,28,14.5,0.68,0.0726291952316698,3
L_3S-35ug_mL,lambda,water,29,18.5,0.6693333333333333,0.0745944591329231,3
L_3S-35ug_mL,lambda,water,30,22.5,0.6593333333333333,0.0741440040281973,3
L_3S-35ug_mL,lambda,water,31,28.5,0.646,0.07574298647399634,3
L_3S-35ug_mL,lambda,water,32,36.5,0.6296666666666667,0.07621898276238878,3
L_3S-35ug_mL,lambda,water,33,44.5,0.6143333333333333,0.07783529619223746,3
L_3S-35ug_mL,lambda,water,34,56.5,0.5953333333333334,0.0790084383678942,3
L_3S-35ug_mL,lambda,water,35,68.5,0.5720000000000001,0.08067217612039478,3
L_3S-35ug_mL,lambda,water,36,84.5,0.5506666666666667,0.08235492294534276,3
L_3S-35ug_mL,lambda,water,37,109.0,0.5213333333333333,0.08567574530363498,3
L_3S-35ug_mL,lambda,water,38,141.0,0.48666666666666664,0.08980163324424188,3
L_3S-35ug_mL,lambda,water,39,173.0,0.45533333333333337,0.09487008660970718,3
L_3S-35ug_mL,lambda,water,40,221.0,0.414,0.10262066068779718,3
L_3S-35ug_mL-mean,lambda,water,1,0.494,0.245,,1
L_3S-35ug_mL-mean,lambda,water,2,0.468,0.203,,1
L_3S-35ug_mL-mean,lambda,water,3,0.441,0.153,,1
L_3S-35ug_mL-mean,lambda,water,4,0.421,0.105,,1
L_3S-35ug_mL-mean,lambda,water,5,0.409,0.0719,,1
L_3S-35ug_mL-mean,lambda,water,6,0.402,0.0408,,1
L_3S-35ug_mL-mean,lambda,water,7,0.396,0.0192,,1
L_3S-35ug_mL-mean,lambda,water,8,0.391,0.00904,,1
L_3S-35ug_mL-mean,lambda,water,9,0.391,0.00292,,1
L_3S-35ug_mL-mean,lambda,water,10,0.379,0.801,,1
L_3S-35ug_mL-mean,lambda,water,11,0.373,0.807,,1
L_3S-35ug_mL-mean,lambda,water,12,0.357,0.801,,1
L_3S-35ug_mL-mean,lambda,water,13,0.349,0.806,,1
L_3S-35ug_mL-mean,lambda,water,14,0.315,0.803,,1
L_3S-35ug_mL-mean,lambda,water,15,0.278,0.8,,1
L_3S-35ug_mL-mean,lambda,water,16,0.231,0.8,,1
L_3S-35ug_mL-mean,lambda,water,17,0.174,0.799,,1
L_3S-35ug_mL-mean,lambda,water,18,0.0796,0.8,,1
L_3S-35ug_mL-mean,lambda,water,19,1.5,0.793,,1
L_3S-35ug_mL-mean,lambda,water,20,2.0,0.791,,1
L_3S-35ug_mL-mean,lambda,water,21,2.5,0.79,,1
L_3S-35ug_mL-mean,lambda,water,22,3.5,0.786,,1
L_3S-35ug_mL-mean,lambda,water,23,4.5,0.782,,1
L_3S-35ug_mL-mean,lambda,water,24,5.5,0.779,,1
L_3S-35ug_mL-mean,lambda,water,25,7.5,0.774,,1
L_3S-35ug_mL-mean,lambda,water,26,9.5,0.769,,1
L_3S-35ug_mL-mean,lambda,water,27,11.5,0.763,,1
L_3S-35ug_mL-mean,lambda,water,28,14.5,0.755,,1
L_3S-35ug_mL-mean,lambda,water,29,18.5,0.746,,1
L_3S-35ug_mL-mean,lambda,water,30,22.5,0.736,,1
L_3S-35ug_mL-mean,lambda,water,31,28.5,0.725,,1
L_3S-35ug_mL-mean,lambda,water,32,36.5,0.709,,1
L_3S-35ug_mL-mean,lambda,water,33,44.5,0.696,,1
L_3S-35ug_mL-mean,lambda,water,34,56.5,0.679,,1
L_3S-35ug_mL-mean,lambda,water,35,68.5,0.658,,1
L_3S-35ug_mL-mean,lambda,water,36,84.5,0.639,,1
L_3S-35ug_mL-mean,lambda,water,37,109.0,0.614,,1
L_3S-35ug_mL-mean,lambda,water,38,141.0,0.585,,1
L_3S-35ug_mL-mean,lambda,water,39,173.0,0.56,,1
L_3S-35ug_mL-mean,lambda,water,40,221.0,0.528,,1
aMEM-Ctrl,,medium,1,0.389,0.18296666666666664,0.1501552640879877,3
aMEM-Ctrl,,medium,2,0.38166666666666665,0.15096666666666667,0.1250292099204555,3
aMEM-Ctrl,,medium,3,0.37233333333333335,0.11286666666666667,0.09476377648307044,3
aMEM-Ctrl,,medium,4,0.35966666666666663,0.07666666666666666,0.06543961593204328,3
aMEM-Ctrl,,medium,5,0.3516666666666666,0.05243333333333333,0.0456782588693279,3
aMEM-Ctrl,,medium,6,0.33966666666666673,0.029366666666666666,0.02610676796030741,3
aMEM-Ctrl,,medium,7,0.329,0.013666666666666667,0.012467114073968093,3
aMEM-Ctrl,,medium,8,0.31266666666666665,0.006370000000000001,0.005942836023314122,3
aMEM-Ctrl,,medium,9,0.3016666666666667,0.0020250000000000003,0.0019370015487861646,3
aMEM-Ctrl,,medium,10,0.29,0.6803333333333333,0.20574822801991108,3
aMEM-Ctrl,,medium,11,0.278,0.6763333333333333,0.20829386292767565,3
aMEM-Ctrl,,medium,12,0.25766666666666665,0.676,0.21034970881843415,3
aMEM-Ctrl,,medium,13,0.23966666666666667,0.6706666666666666,0.21068064299629743,3
aMEM-Ctrl,,medium,14,0.22866666666666666,0.6683333333333333,0.21166561679529663,3
aMEM-Ctrl,,medium,15,0.20386666666666667,0.665,0.20846102753272613,3
aMEM-Ctrl,,medium,16,0.16796666666666668,0.664,0.21101421753047825,3
aMEM-Ctrl,,medium,17,0.14423333333333335,0.6613333333333333,0.21084196293274574,3
aMEM-Ctrl,,medium,18,0.09186666666666667,0.6603333333333333,0.21151910867184867,3
aMEM-Ctrl,,medium,19,1.5,0.6593333333333334,0.2115900123666836,3
aMEM-Ctrl,,medium,20,2.0,0.6563333333333333,0.21151910867184867,3
aMEM-Ctrl,,medium,21,2.5,0.6556666666666667,0.21216581565684264,3
aMEM-Ctrl,,medium,22,3.5,0.654,0.21281682264332394,3
aMEM-Ctrl,,medium,23,4.5,0.651,0.2119150773305193,3
aMEM-Ctrl,,medium,24,5.5,0.6473333333333334,0.21151910867184867,3
aMEM-Ctrl,,medium,25,7.5,0.6436666666666667,0.21292565212611964,3
aMEM-Ctrl,,medium,26,9.5,0.6393333333333334,0.21324711799537482,3
aMEM-Ctrl,,medium,27,11.5,0.6353333333333334,0.21407786745325477,3
aMEM-Ctrl,,medium,28,14.5,0.6283333333333333,0.21484955976993142,3
aMEM-Ctrl,,medium,29,18.5,0.6193333333333334,0.21563240325455113,3
aMEM-Ctrl,,medium,30,22.5,0.611,0.21673716801693244,3
aMEM-Ctrl,,medium,31,28.5,0.5996666666666667,0.21873347556634612,3
aMEM-Ctrl,,medium,32,36.5,0.586,0.22266342313006862,3
aMEM-Ctrl,,medium,33,44.5,0.5726666666666667,0.22548244573210863,3
aMEM-Ctrl,,medium,34,56.5,0.5543333333333332,0.23007462557468897,3
aMEM-Ctrl,,medium,35,68.5,0.532,0.23651427018258325,3
aMEM-Ctrl,,medium,36,84.5,0.512,0.2437273066359205,3
aMEM-Ctrl,,medium,37,109.0,0.48466666666666663,0.25407938392032786,3
aMEM-Ctrl,,medium,38,141.0,0.45366666666666666,0.2645171702051368,3
aMEM-Ctrl,,medium,39,173.0,0.4303333333333333,0.27382537014187225,3
aMEM-Ctrl,,medium,40,221.0,0.40599999999999997,0.27874719729532704,3
aMEM-Ctrl-mean,,medium,1,0.708,0.356,,1
aMEM-Ctrl-mean,,medium,2,0.697,0.295,,1
aMEM-Ctrl-mean,,medium,3,0.686,0.222,,1
aMEM-Ctrl-mean,,medium,4,0.673,0.152,,1
aMEM-Ctrl-mean,,medium,5,0.662,0.105,,1
aMEM-Ctrl-mean,,medium,6,0.647,0.0594,,1
aMEM-Ctrl-mean,,medium,7,0.628,0.028,,1
aMEM-Ctrl-mean,,medium,8,0.606,0.0132,,1
aMEM-Ctrl-mean,,medium,9,0.591,0.00425,,1
aMEM-Ctrl-mean,,medium,10,0.563,0.917,,1
aMEM-Ctrl-mean,,medium,11,0.535,0.916,,1
aMEM-Ctrl-mean,,medium,12,0.49,0.918,,1
aMEM-Ctrl-mean,,medium,13,0.45,0.913,,1
aMEM-Ctrl-mean,,medium,14,0.432,0.912,,1
aMEM-Ctrl-mean,,medium,15,0.388,0.905,,1
aMEM-Ctrl-mean,,medium,16,0.309,0.907,,1
aMEM-Ctrl-mean,,medium,17,0.257,0.904,,1
aMEM-Ctrl-mean,,medium,18,0.185,0.904,,1
aMEM-Ctrl-mean,,medium,19,1.5,0.903,,1
aMEM-Ctrl-mean,,medium,20,2.0,0.9,,1
aMEM-Ctrl-mean,,medium,21,2.5,0.9,,1
aMEM-Ctrl-mean,,medium,22,3.5,0.899,,1
aMEM-Ctrl-mean,,medium,23,4.5,0.895,,1
aMEM-Ctrl-mean,,medium,24,5.5,0.891,,1
aMEM-Ctrl-mean,,medium,25,7.5,0.889,,1
aMEM-Ctrl-mean,,medium,26,9.5,0.885,,1
aMEM-Ctrl-mean,,medium,27,11.5,0.882,,1
aMEM-Ctrl-mean,,medium,28,14.5,0.876,,1
aMEM-Ctrl-mean,,medium,29,18.5,0.868,,1
aMEM-Ctrl-mean,,medium,30,22.5,0.861,,1
aMEM-Ctrl-mean,,medium,31,28.5,0.852,,1
aMEM-Ctrl-mean,,medium,32,36.5,0.843,,1
aMEM-Ctrl-mean,,medium,33,44.5,0.833,,1
aMEM-Ctrl-mean,,medium,34,56.5,0.82,,1
aMEM-Ctrl-mean,,medium,35,68.5,0.805,,1
aMEM-Ctrl-mean,,medium,36,84.5,0.793,,1
aMEM-Ctrl-mean,,medium,37,109.0,0.777,,1
aMEM-Ctrl-mean,,medium,38,141.0,0.757,,1
aMEM-Ctrl-mean,,medium,39,173.0,0.744,,1
aMEM-Ctrl-mean,,medium,40,221.0,0.726,,1
aMEM_10pct-Ctrl,,medium,1,2.52,0.2762833333333333,0.46914164964681326,3
aMEM_10pct-Ctrl,,medium,2,3.1805333333333334,0.2702233333333333,0.461398621620539,3
aMEM_10pct-Ctrl,,medium,3,3.8462666666666667,0.26455666666666666,0.454181380544528,3
aMEM_10pct-Ctrl,,medium,4,4.849933333333333,0.25350666666666666,0.43690406845591784,3
aMEM_10pct-Ctrl,,medium,5,6.182133333333333,0.244464,0.4222185665754172,3
aMEM_10pct-Ctrl,,medium,6,7.5174666666666665,0.5217736666666667,0.45769521810953334,3
aMEM_10pct-Ctrl,,medium,7,9.513933333333332,0.5073693333333333,0.44802850938454053,3
aMEM_10pct-Ctrl,,medium,8,12.1823,0.7756666666666666,0.12637378420120743,3
aMEM_10pct-Ctrl,,medium,9,14.844666666666667,0.7546666666666666,0.13957554704651287,3
aMEM_10pct-Ctrl,,medium,10,18.8457,0.73,0.15923881436383527,3
aMEM_10pct-Ctrl,,medium,11,23.3398,0.7013333333333334,0.1801813900860278,3
aMEM_10pct-Ctrl,,medium,12,28.839433333333332,0.673,0.19431675172254195,3
aMEM_10pct-Ctrl,,medium,13,37.17203333333333,0.641,0.21223336212763533,3
aMEM_10pct-Ctrl,,medium,14,48.171600000000005,0.608,0.21886297082878137,3
aMEM_10pct-Ctrl,,medium,15,59.666666666666664,0.5733333333333334,0.22712624976724582,3
aMEM_10pct-Ctrl,,medium,16,76.16666666666667,0.5336666666666666,0.23793346408887783,3
aMEM_10pct-Ctrl,,medium,17,98.33333333333333,0.494,0.2459288514997783,3
aMEM_10pct-Ctrl,,medium,18,120.66666666666667,0.452,0.24389341934541817,3
aMEM_10pct-Ctrl,,medium,19,153.66666666666666,0.4106666666666667,0.24001736048322278,3
aMEM_10pct-Ctrl,,medium,20,197.66666666666666,0.37100000000000005,0.23131796298601628,3
aMEM_10pct-Ctrl,,medium,21,242.33333333333334,0.32863333333333333,0.21328244966085075,3
aMEM_10pct-Ctrl,,medium,22,308.3333333333333,0.29346666666666665,0.1983533547317346,3
aMEM_10pct-Ctrl,,medium,23,396.6666666666667,0.2561,0.17878123503321036,3
aMEM_10pct-Ctrl,,medium,24,483.6666666666667,0.21653333333333333,0.1676026650543879,3
aMEM_10pct-Ctrl,,medium,25,617.6666666666666,0.18563333333333332,0.14364192749101265,3
aMEM_10pct-Ctrl,,medium,26,793.0,0.15873333333333334,0.11434777362648271,3
aMEM_10pct-Ctrl,,medium,27,969.0,0.12716666666666668,0.09301657558378149,3
aMEM_10pct-Ctrl,,medium,28,1233.6666666666667,0.10583333333333333,0.07537296155342002,3
aMEM_10pct-Ctrl,,medium,29,1584.5,0.08803333333333334,0.057728704587348335,3
aMEM_10pct-Ctrl,,medium,30,1942.5,0.0636,0.04636086711872417,3
aMEM_10pct-Ctrl,,medium,31,2467.1666666666665,0.056499999999999995,0.029912539176739913,3
aMEM_10pct-Ctrl,,medium,32,152.75,0.062299999999999994,0.011596551211459376,2
aMEM_10pct-Ctrl,,medium,33,197.0,0.048049999999999995,0.005727564927611039,2
aMEM_10pct-Ctrl,,medium,34,245.0,0.04035,0.007000357133746822,2
aMEM_10pct-Ctrl,,medium,35,309.0,0.030600000000000002,0.005091168824543145,2
aMEM_10pct-Ctrl,,medium,36,397.0,0.0343,0.010465180361560907,2
aMEM_10pct-Ctrl,,medium,37,493.0,0.026099999999999998,0.002545584412271574,2
aMEM_10pct-Ctrl,,medium,38,621.0,0.0284,0.004101219330881977,2
aMEM_10pct-Ctrl,,medium,39,797.5,0.0221,0.008061017305526639,2
aMEM_10pct-Ctrl,,medium,40,986.5,0.027200000000000002,0.0015556349186104039,2
aMEM_10pct-Ctrl-mean,,medium,1,0.0285,0.00434,,1
aMEM_10pct-Ctrl-mean,,medium,2,0.0155,0.00316,,1
aMEM_10pct-Ctrl-mean,,medium,3,0.0178,0.00199,,1
aMEM_10pct-Ctrl-mean,,medium,4,0.0252,0.00111,,1
aMEM_10pct-Ctrl-mean,,medium,5,0.0258,0.000629,,1
aMEM_10pct-Ctrl-mean,,medium,6,0.0261,0.857,,1
aMEM_10pct-Ctrl-mean,,medium,7,0.021,0.849,,1
aMEM_10pct-Ctrl-mean,,medium,8,0.0289,0.841,,1
aMEM_10pct-Ctrl-mean,,medium,9,0.0173,0.824,,1
aMEM_10pct-Ctrl-mean,,medium,10,0.0176,0.806,,1
aMEM_10pct-Ctrl-mean,,medium,11,1.5,0.79,,1
aMEM_10pct-Ctrl-mean,,medium,12,2.0,0.763,,1
aMEM_10pct-Ctrl-mean,,medium,13,2.5,0.735,,1
aMEM_10pct-Ctrl-mean,,medium,14,3.5,0.708,,1
aMEM_10pct-Ctrl-mean,,medium,15,4.5,0.676,,1
aMEM_10pct-Ctrl-mean,,medium,16,5.5,0.634,,1
aMEM_10pct-Ctrl-mean,,medium,17,7.5,0.599,,1
aMEM_10pct-Ctrl-mean,,medium,18,9.5,0.552,,1
aMEM_10pct-Ctrl-mean,,medium,19,11.5,0.499,,1
aMEM_10pct-Ctrl-mean,,medium,20,14.5,0.457,,1
aMEM_10pct-Ctrl-mean,,medium,21,18.5,0.404,,1
aMEM_10pct-Ctrl-mean,,medium,22,22.5,0.36,,1
aMEM_10pct-Ctrl-mean,,medium,23,28.5,0.315,,1
aMEM_10pct-Ctrl-mean,,medium,24,36.5,0.263,,1
aMEM_10pct-Ctrl-mean,,medium,25,44.5,0.217,,1
aMEM_10pct-Ctrl-mean,,medium,26,56.5,0.183,,1
aMEM_10pct-Ctrl-mean,,medium,27,68.5,0.148,,1
aMEM_10pct-Ctrl-mean,,medium,28,84.5,0.117,,1
aMEM_10pct-Ctrl-mean,,medium,29,109.0,0.0966,,1
aMEM_10pct-Ctrl-mean,,medium,30,141.0,0.0673,,1
aMEM_10pct-Ctrl-mean,,medium,31,173.0,0.0555,,1
aMEM_10pct-Ctrl-mean,,medium,32,221.0,0.0541,,1
aMEM_10pct-Ctrl-mean,,medium,33,285.0,0.044,,1
aMEM_10pct-Ctrl-mean,,medium,34,349.0,0.0354,,1
aMEM_10pct-Ctrl-mean,,medium,35,445.0,0.0342,,1
aMEM_10pct-Ctrl-mean,,medium,36,573.0,0.0269,,1
aMEM_10pct-Ctrl-mean,,medium,37,701.0,0.0243,,1
aMEM_10pct-Ctrl-mean,,medium,38,893.0,0.0255,,1
aMEM_10pct-Ctrl-mean,,medium,39,1150.0,0.0164,,1
aMEM_10pct-Ctrl-mean,,medium,40,1400.0,0.0283,,1
aMEM_10pct-L_3s,lambda,medium,1,57.68156666666667,0.2437033333333333,0.4159517655129418,3
aMEM_10pct-L_3s,lambda,medium,2,73.6848,0.23306333333333332,0.3991843103546698,3
aMEM_10pct-L_3s,lambda,medium,3,95.015,0.52244,0.46840779327419396,3
aMEM_10pct-L_3s,lambda,medium,4,116.34753333333333,0.50443,0.4598601903839905,3
aMEM_10pct-L_3s,lambda,medium,5,148.83776666666668,0.7913333333333333,0.19092494162191942,3
aMEM_10pct-L_3s,lambda,medium,6,191.67593333333332,0.7693333333333333,0.2126554333501341,3
aMEM_10pct-L_3s,lambda,medium,7,234.50343333333333,0.749,0.22894540834006696,3
aMEM_10pct-L_3s,lambda,medium,8,298.8381,0.7253333333333334,0.246508282484247,3
aMEM_10pct-L_3s,lambda,medium,9,385.3333333333333,0.6953333333333332,0.26670083114481163,3
aMEM_10pct-L_3s,lambda,medium,10,469.1666666666667,0.666,0.2882863160123977,3
aMEM_10pct-L_3s,lambda,medium,11,5.0,0.8089999999999999,0.028284271247461808,2
aMEM_10pct-L_3s,lambda,medium,12,6.5,0.7835000000000001,0.0332340187157678,2
aMEM_10pct-L_3s,lambda,medium,13,8.0,0.7565,0.0417193000900063,2
aMEM_10pct-L_3s,lambda,medium,14,10.0,0.726,0.043840620433565985,2
aMEM_10pct-L_3s,lambda,medium,15,13.0,0.69,0.04666904755831206,2
aMEM_10pct-L_3s,lambda,medium,16,16.0,0.6525,0.05727564927611032,2
aMEM_10pct-L_3s,lambda,medium,17,20.0,0.6145,0.05586143571373734,2
aMEM_10pct-L_3s,lambda,medium,18,25.5,0.569,0.05656854249492373,2
aMEM_10pct-L_3s,lambda,medium,19,31.5,0.5305,0.05868986283848342,2
aMEM_10pct-L_3s,lambda,medium,20,39.5,0.486,0.05656854249492379,2
aMEM_10pct-L_3s,lambda,medium,21,48.5,0.441,0.06646803743153545,2
aMEM_10pct-L_3s,lambda,medium,22,60.5,0.392,0.07353910524340093,2
aMEM_10pct-L_3s,lambda,medium,23,76.75,0.34450000000000003,0.06717514421272205,2
aMEM_10pct-L_3s,lambda,medium,24,98.75,0.2925,0.06293250352560273,2
aMEM_10pct-L_3s,lambda,medium,25,120.75,0.248,0.06505382386916235,2
aMEM_10pct-L_3s,lambda,medium,26,152.75,0.20650000000000002,0.05586143571373726,2
aMEM_10pct-L_3s,lambda,medium,27,197.0,0.1645,0.04737615433949869,2
aMEM_10pct-L_3s,lambda,medium,28,245.0,0.1291,0.04652762620207483,2
aMEM_10pct-L_3s,lambda,medium,29,309.0,0.0955,0.040305086527633205,2
aMEM_10pct-L_3s,lambda,medium,30,397.0,0.0662,0.0371938166904124,2
aMEM_10pct-L_3s,lambda,medium,31,493.0,0.03445,0.03090056633785213,2
aMEM_10pct-L_3s,lambda,medium,32,621.0,0.03005,0.015344217151748083,2
aMEM_10pct-L_3s,lambda,medium,33,797.5,0.0217,0.01131370849898476,2
aMEM_10pct-L_3s,lambda,medium,34,986.5,0.02465,0.00954594154601839,2
aMEM_10pct-L_3s,lambda,medium,35,1245.5,0.015550000000000001,0.006010407640085655,2
aMEM_10pct-L_3s,lambda,medium,36,1596.5,0.0284,0.007778174593052021,2
aMEM_10pct-L_3s,lambda,medium,37,1980.0,0.026699999999999998,0.018667619023324852,2
aMEM_10pct-L_3s,lambda,medium,38,2490.0,0.0173,0.006646803743153545,2
aMEM_10pct-L_3s,lambda,medium,39,3195.0,0.0219,0.002262741699796953,2
aMEM_10pct-L_3s,lambda,medium,40,3965.0,0.022150000000000003,0.004030508652763322,2
aMEM_10pct-L_3s-mean,lambda,medium,1,0.0278,0.00504,,1
aMEM_10pct-L_3s-mean,lambda,medium,2,0.0281,0.00367,,1
aMEM_10pct-L_3s-mean,lambda,medium,3,0.027,0.00232,,1
aMEM_10pct-L_3s-mean,lambda,medium,4,0.0171,0.00129,,1
aMEM_10pct-L_3s-mean,lambda,medium,5,0.0133,0.908,,1
aMEM_10pct-L_3s-mean,lambda,medium,6,0.0278,0.901,,1
aMEM_10pct-L_3s-mean,lambda,medium,7,0.0103,0.893,,1
aMEM_10pct-L_3s-mean,lambda,medium,8,0.0143,0.879,,1
aMEM_10pct-L_3s-mean,lambda,medium,9,1.5,0.866,,1
aMEM_10pct-L_3s-mean,lambda,medium,10,2.0,0.853,,1
aMEM_10pct-L_3s-mean,lambda,medium,11,2.5,0.829,,1
aMEM_10pct-L_3s-mean,lambda,medium,12,3.5,0.807,,1
aMEM_10pct-L_3s-mean,lambda,medium,13,4.5,0.786,,1
aMEM_10pct-L_3s-mean,lambda,medium,14,5.5,0.757,,1
aMEM_10pct-L_3s-mean,lambda,medium,15,7.5,0.723,,1
aMEM_10pct-L_3s-mean,lambda,medium,16,9.5,0.693,,1
aMEM_10pct-L_3s-mean,lambda,medium,17,11.5,0.654,,1
aMEM_10pct-L_3s-mean,lambda,medium,18,14.5,0.609,,1
aMEM_10pct-L_3s-mean,lambda,medium,19,18.5,0.572,,1
aMEM_10pct-L_3s-mean,lambda,medium,20,22.5,0.526,,1
aMEM_10pct-L_3s-mean,lambda,medium,21,28.5,0.488,,1
aMEM_10pct-L_3s-mean,lambda,medium,22,36.5,0.444,,1
aMEM_10pct-L_3s-mean,lambda,medium,23,44.5,0.392,,1
aMEM_10pct-L_3s-mean,lambda,medium,24,56.5,0.337,,1
aMEM_10pct-L_3s-mean,lambda,medium,25,68.5,0.294,,1
aMEM_10pct-L_3s-mean,lambda,medium,26,84.5,0.246,,1
aMEM_10pct-L_3s-mean,lambda,medium,27,109.0,0.198,,1
aMEM_10pct-L_3s-mean,lambda,medium,28,141.0,0.162,,1
aMEM_10pct-L_3s-mean,lambda,medium,29,173.0,0.124,,1
aMEM_10pct-L_3s-mean,lambda,medium,30,221.0,0.0925,,1
aMEM_10pct-L_3s-mean,lambda,medium,31,285.0,0.0563,,1
aMEM_10pct-L_3s-mean,lambda,medium,32,349.0,0.0409,,1
aMEM_10pct-L_3s-mean,lambda,medium,33,445.0,0.0297,,1
aMEM_10pct-L_3s-mean,lambda,medium,34,573.0,0.0314,,1
aMEM_10pct-L_3s-mean,lambda,medium,35,701.0,0.0113,,1
aMEM_10pct-L_3s-mean,lambda,medium,36,893.0,0.0229,,1
aMEM_10pct-L_3s-mean,lambda,medium,37,1150.0,0.0399,,1
aMEM_10pct-L_3s-mean,lambda,medium,38,1400.0,0.022,,1
aMEM_10pct-L_3s-mean,lambda,medium,39,1790.0,0.0203,,1
aMEM_10pct-L_3s-mean,lambda,medium,40,2300.0,0.025,,1
aMEM_10pct-i_2s,iota,medium,1,4.3415333333333335,0.5832966666666667,0.498053726051049,3
aMEM_10pct-i_2s,iota,medium,2,5.5077,0.5754266666666666,0.4936901316953108,3
aMEM_10pct-i_2s,iota,medium,3,7.0066,0.56194,0.4847601992738266,3
aMEM_10pct-i_2s,iota,medium,4,8.675266666666667,0.8450000000000001,0.06032412452742274,3
aMEM_10pct-i_2s,iota,medium,5,11.007166666666668,0.8306666666666667,0.06963715483370449,3
aMEM_10pct-i_2s,iota,medium,6,14.008066666666666,0.8126666666666665,0.08210562303115015,3
aMEM_10pct-i_2s,iota,medium,7,17.833333333333332,0.7853333333333333,0.09470656436242063,3
aMEM_10pct-i_2s,iota,medium,8,22.666666666666668,0.7586666666666666,0.10301617995894301,3
aMEM_10pct-i_2s,iota,medium,9,27.5,0.7323333333333334,0.1182891936456299,3
aMEM_10pct-i_2s,iota,medium,10,34.166666666666664,0.6953333333333335,0.13071470205502259,3
aMEM_10pct-i_2s,iota,medium,11,44.0,0.66,0.13919410907075058,3
aMEM_10pct-i_2s,iota,medium,12,56.333333333333336,0.623,0.15428220895488887,3
aMEM_10pct-i_2s,iota,medium,13,69.66666666666667,0.5826666666666667,0.15808331136882645,3
aMEM_10pct-i_2s,iota,medium,14,89.0,0.5373333333333333,0.16264173306176166,3
aMEM_10pct-i_2s,iota,medium,15,113.66666666666667,0.49433333333333335,0.17275801959195214,3
aMEM_10pct-i_2s,iota,medium,16,140.0,0.444,0.1765446119257113,3
aMEM_10pct-i_2s,iota,medium,17,177.33333333333334,0.39999999999999997,0.17170905625505023,3
aMEM_10pct-i_2s,iota,medium,18,226.66666666666666,0.35533333333333333,0.17360107526548715,3
aMEM_10pct-i_2s,iota,medium,19,279.5,0.308,0.16677229985821984,3
aMEM_10pct-i_2s,iota,medium,20,356.8333333333333,0.266,0.160521026660061,3
aMEM_10pct-i_2s,iota,medium,21,455.8333333333333,0.2269,0.1511877309837012,3
aMEM_10pct-i_2s,iota,medium,22,559.1666666666666,0.19099999999999998,0.12984991336154214,3
aMEM_10pct-i_2s,iota,medium,23,714.5,0.1559,0.11001513532237281,3
aMEM_10pct-i_2s,iota,medium,24,911.1666666666666,0.12456666666666667,0.10055776117900267,3
aMEM_10pct-i_2s,iota,medium,25,1121.3333333333333,0.09856666666666668,0.07978698724311711,3
aMEM_10pct-i_2s,iota,medium,26,1431.3333333333333,0.07523333333333333,0.06421575611431615,3
aMEM_10pct-i_2s,iota,medium,27,1824.6666666666667,0.0634,0.0490235657617844,3
aMEM_10pct-i_2s,iota,medium,28,2248.0,0.05356666666666667,0.04125849407495787,3
aMEM_10pct-i_2s,iota,medium,29,717.5,0.05405,0.032880465325174454,2
aMEM_10pct-i_2s,iota,medium,30,874.5,0.04195,0.010960155108391486,2
aMEM_10pct-i_2s,iota,medium,31,1117.5,0.03195,0.007848885271170676,2
aMEM_10pct-i_2s,iota,medium,32,1436.5,0.0295,0.0009899494936611692,2
aMEM_10pct-i_2s,iota,medium,33,1755.5,0.025500000000000002,0.009192388155425118,2
aMEM_10pct-i_2s,iota,medium,34,2236.5,0.0275,0.0009899494936611655,2
aMEM_10pct-i_2s,iota,medium,35,2875.0,0.017599999999999998,0.007071067811865473,2
aMEM_10pct-i_2s,iota,medium,36,3515.0,0.02215,0.013788582233137676,2
aMEM_10pct-i_2s,iota,medium,37,4475.0,0.02875,0.004030508652763324,2
aMEM_10pct-i_2s,iota,medium,38,5755.0,0.02375,0.006717514421272203,2
aMEM_10pct-i_2s,iota,medium,39,7055.0,0.022850000000000002,0.005586143571373727,2
aMEM_10pct-i_2s,iota,medium,40,8940.0,0.024800000000000003,0.0019798989873223345,2
aMEM_10pct-i_2s-mean,iota,medium,1,0.0246,0.00889,,1
aMEM_10pct-i_2s-mean,iota,medium,2,0.0231,0.00628,,1
aMEM_10pct-i_2s-mean,iota,medium,3,0.0198,0.00382,,1
aMEM_10pct-i_2s-mean,iota,medium,4,0.0258,0.895,,1
aMEM_10pct-i_2s-mean,iota,medium,5,0.0215,0.89,,1
aMEM_10pct-i_2s-mean,iota,medium,6,0.0242,0.882,,1
aMEM_10pct-i_2s-mean,iota,medium,7,1.5,0.868,,1
aMEM_10pct-i_2s-mean,iota,medium,8,2.0,0.85,,1
aMEM_10pct-i_2s-mean,iota,medium,9,2.5,0.837,,1
aMEM_10pct-i_2s-mean,iota,medium,10,3.5,0.81,,1
aMEM_10pct-i_2s-mean,iota,medium,11,4.5,0.785,,1
aMEM_10pct-i_2s-mean,iota,medium,12,5.5,0.762,,1
aMEM_10pct-i_2s-mean,iota,medium,13,7.5,0.729,,1
aMEM_10pct-i_2s-mean,iota,medium,14,9.5,0.691,,1
aMEM_10pct-i_2s-mean,iota,medium,15,11.5,0.657,,1
aMEM_10pct-i_2s-mean,iota,medium,16,14.5,0.612,,1
aMEM_10pct-i_2s-mean,iota,medium,17,18.5,0.562,,1
aMEM_10pct-i_2s-mean,iota,medium,18,22.5,0.52,,1
aMEM_10pct-i_2s-mean,iota,medium,19,28.5,0.469,,1
aMEM_10pct-i_2s-mean,iota,medium,20,36.5,0.428,,1
aMEM_10pct-i_2s-mean,iota,medium,21,44.5,0.38,,1
aMEM_10pct-i_2s-mean,iota,medium,22,56.5,0.326,,1
aMEM_10pct-i_2s-mean,iota,medium,23,68.5,0.273,,1
aMEM_10pct-i_2s-mean,iota,medium,24,84.5,0.232,,1
aMEM_10pct-i_2s-mean,iota,medium,25,109.0,0.186,,1
aMEM_10pct-i_2s-mean,iota,medium,26,141.0,0.147,,1
aMEM_10pct-i_2s-mean,iota,medium,27,173.0,0.12,,1
aMEM_10pct-i_2s-mean,iota,medium,28,221.0,0.101,,1
aMEM_10pct-i_2s-mean,iota,medium,29,285.0,0.0773,,1
aMEM_10pct-i_2s-mean,iota,medium,30,349.0,0.0497,,1
aMEM_10pct-i_2s-mean,iota,medium,31,445.0,0.0375,,1
aMEM_10pct-i_2s-mean,iota,medium,32,573.0,0.0288,,1
aMEM_10pct-i_2s-mean,iota,medium,33,701.0,0.019,,1
aMEM_10pct-i_2s-mean,iota,medium,34,893.0,0.0282,,1
aMEM_10pct-i_2s-mean,iota,medium,35,1150.0,0.0226,,1
aMEM_10pct-i_2s-mean,iota,medium,36,1400.0,0.0319,,1
aMEM_10pct-i_2s-mean,iota,medium,37,1790.0,0.0316,,1
aMEM_10pct-i_2s-mean,iota,medium,38,2300.0,0.0285,,1
aMEM_10pct-i_2s-mean,iota,medium,39,2810.0,0.0268,,1
aMEM_10pct-i_2s-mean,iota,medium,40,3580.0,0.0262,,1
aMEM_10pct-k_1s,kappa,medium,1,0.030733333333333335,0.008063333333333334,0.00367323200102217,3
aMEM_10pct-k_1s,kappa,medium,2,0.029466666666666665,0.005853333333333333,0.0028105218969674186,3
aMEM_10pct-k_1s,kappa,medium,3,0.03613333333333333,0.00369,0.0018792551716038993,3
aMEM_10pct-k_1s,kappa,medium,4,0.027,0.0020566666666666667,0.0011011963191608178,3
aMEM_10pct-k_1s,kappa,medium,5,0.027766666666666665,0.0011713333333333333,0.0006531595006836641,3
aMEM_10pct-k_1s,kappa,medium,6,0.029766666666666663,0.0005233333333333333,0.00030446236768003586,3
aMEM_10pct-k_1s,kappa,medium,7,0.02606666666666667,0.573773,0.49663202432686515,3
aMEM_10pct-k_1s,kappa,medium,8,0.029299999999999996,0.5683736666666667,0.49213369106405763,3
aMEM_10pct-k_1s,kappa,medium,9,0.029233333333333333,0.5633433666666666,0.48785282340271774,3
aMEM_10pct-k_1s,kappa,medium,10,0.0234,0.8416666666666667,0.019502136635080113,3
aMEM_10pct-k_1s,kappa,medium,11,0.021066666666666664,0.8303333333333334,0.0243789526709687,3
aMEM_10pct-k_1s,kappa,medium,12,0.0234,0.819,0.02722131517763235,3
aMEM_10pct-k_1s,kappa,medium,13,1.0101,0.7953333333333333,0.03385754470326121,3
aMEM_10pct-k_1s,kappa,medium,14,1.3439666666666668,0.7743333333333333,0.03914502948438449,3
aMEM_10pct-k_1s,kappa,medium,15,1.6762,0.7553333333333333,0.04428694314731302,3
aMEM_10pct-k_1s,kappa,medium,16,2.3396666666666666,0.7256666666666667,0.046715450691750114,3
aMEM_10pct-k_1s,kappa,medium,17,3.007466666666667,0.6930000000000001,0.05335728628781638,3
aMEM_10pct-k_1s,kappa,medium,18,3.6714333333333333,0.6636666666666667,0.059651767227244246,3
aMEM_10pct-k_1s,kappa,medium,19,5.5,0.6246666666666666,0.06653069467045516,3
aMEM_10pct-k_1s,kappa,medium,20,7.0,0.5796666666666667,0.07272780302836965,3
aMEM_10pct-k_1s,kappa,medium,21,8.5,0.5423333333333333,0.07731321577410512,3
aMEM_10pct-k_1s,kappa,medium,22,10.833333333333334,0.49533333333333335,0.08087232736439164,3
aMEM_10pct-k_1s,kappa,medium,23,13.833333333333334,0.4526666666666667,0.07616648431779778,3
aMEM_10pct-k_1s,kappa,medium,24,16.833333333333332,0.4086666666666667,0.07869138029881885,3
aMEM_10pct-k_1s,kappa,medium,25,21.5,0.35800000000000004,0.08007496487667042,3
aMEM_10pct-k_1s,kappa,medium,26,27.5,0.311,0.08508231308562313,3
aMEM_10pct-k_1s,kappa,medium,27,33.5,0.27066666666666667,0.08271235296697424,3
aMEM_10pct-k_1s,kappa,medium,28,42.5,0.227,0.07727224598780601,3
aMEM_10pct-k_1s,kappa,medium,29,51.833333333333336,0.18700000000000003,0.06710439627923048,3
aMEM_10pct-k_1s,kappa,medium,30,63.833333333333336,0.15733333333333333,0.061329710037903606,3
aMEM_10pct-k_1s,kappa,medium,31,82.16666666666667,0.12753333333333333,0.0533971285120589,3
aMEM_10pct-k_1s,kappa,medium,32,106.16666666666667,0.09920000000000001,0.04747883739098926,3
aMEM_10pct-k_1s,kappa,medium,33,130.16666666666666,0.08193333333333334,0.043646343871317946,3
aMEM_10pct-k_1s,kappa,medium,34,166.16666666666666,0.0642,0.033623206271859316,3
aMEM_10pct-k_1s,kappa,medium,35,212.83333333333334,0.05419999999999999,0.025986727381492266,3
aMEM_10pct-k_1s,kappa,medium,36,260.8333333333333,0.039599999999999996,0.023997708223911715,3
aMEM_10pct-k_1s,kappa,medium,37,333.0,0.0463,0.01364294689574067,3
aMEM_10pct-k_1s,kappa,medium,38,429.0,0.031900000000000005,0.00867582849069759,3
aMEM_10pct-k_1s,kappa,medium,39,525.0,0.034333333333333334,0.011943757086165699,3
aMEM_10pct-k_1s,kappa,medium,40,669.0,0.0388,0.012046161214262406,3
aMEM_10pct-k_1s-mean,kappa,medium,1,0.0293,0.00577,,1
aMEM_10pct-k_1s-mean,kappa,medium,2,0.0228,0.00403,,1
aMEM_10pct-k_1s-mean,kappa,medium,3,0.0323,0.00243,,1
aMEM_10pct-k_1s-mean,kappa,medium,4,0.0277,0.0013,,1
aMEM_10pct-k_1s-mean,kappa,medium,5,0.0223,0.000718,,1
aMEM_10pct-k_1s-mean,kappa,medium,6,0.0215,0.00031,,1
aMEM_10pct-k_1s-mean,kappa,medium,7,0.0263,0.863,,1
aMEM_10pct-k_1s-mean,kappa,medium,8,0.0304,0.856,,1
aMEM_10pct-k_1s-mean,kappa,medium,9,0.0278,0.848,,1
aMEM_10pct-k_1s-mean,kappa,medium,10,0.0163,0.833,,1
aMEM_10pct-k_1s-mean,kappa,medium,11,0.012,0.821,,1
aMEM_10pct-k_1s-mean,kappa,medium,12,0.0167,0.808,,1
aMEM_10pct-k_1s-mean,kappa,medium,13,1.5,0.781,,1
aMEM_10pct-k_1s-mean,kappa,medium,14,2.0,0.758,,1
aMEM_10pct-k_1s-mean,kappa,medium,15,2.5,0.736,,1
aMEM_10pct-k_1s-mean,kappa,medium,16,3.5,0.706,,1
aMEM_10pct-k_1s-mean,kappa,medium,17,4.5,0.67,,1
aMEM_10pct-k_1s-mean,kappa,medium,18,5.5,0.637,,1
aMEM_10pct-k_1s-mean,kappa,medium,19,7.5,0.594,,1
aMEM_10pct-k_1s-mean,kappa,medium,20,9.5,0.547,,1
aMEM_10pct-k_1s-mean,kappa,medium,21,11.5,0.507,,1
aMEM_10pct-k_1s-mean,kappa,medium,22,14.5,0.459,,1
aMEM_10pct-k_1s-mean,kappa,medium,23,18.5,0.418,,1
aMEM_10pct-k_1s-mean,kappa,medium,24,22.5,0.372,,1
aMEM_10pct-k_1s-mean,kappa,medium,25,28.5,0.32,,1
aMEM_10pct-k_1s-mean,kappa,medium,26,36.5,0.268,,1
aMEM_10pct-k_1s-mean,kappa,medium,27,44.5,0.228,,1
aMEM_10pct-k_1s-mean,kappa,medium,28,56.5,0.188,,1
aMEM_10pct-k_1s-mean,kappa,medium,29,68.5,0.156,,1
aMEM_10pct-k_1s-mean,kappa,medium,30,84.5,0.126,,1
aMEM_10pct-k_1s-mean,kappa,medium,31,109.0,0.101,,1
aMEM_10pct-k_1s-mean,kappa,medium,32,141.0,0.0704,,1
aMEM_10pct-k_1s-mean,kappa,medium,33,173.0,0.0619,,1
aMEM_10pct-k_1s-mean,kappa,medium,34,221.0,0.046,,1
aMEM_10pct-k_1s-mean,kappa,medium,35,285.0,0.0447,,1
aMEM_10pct-k_1s-mean,kappa,medium,36,349.0,0.0251,,1
aMEM_10pct-k_1s-mean,kappa,medium,37,445.0,0.0419,,1
aMEM_10pct-k_1s-mean,kappa,medium,38,573.0,0.0242,,1
aMEM_10pct-k_1s-mean,kappa,medium,39,701.0,0.0322,,1
aMEM_10pct-k_1s-mean,kappa,medium,40,893.0,0.0323,,1
i_2S-1mg_mL,iota,water,1,0.48733333333333334,0.19599999999999998,0.06797793759742937,3
i_2S-1mg_mL,iota,water,2,0.44333333333333336,0.162,0.05645352070508978,3
i_2S-1mg_mL,iota,water,3,0.40233333333333327,0.12183333333333334,0.0432039735826849,3
i_2S-1mg_mL,iota,water,4,0.36199999999999993,0.08333333333333333,0.030181506478857773,3
i_2S-1mg_mL,iota,water,5,0.3353333333333333,0.05686666666666667,0.02077530585414649,3
i_2S-1mg_mL,iota,water,6,0.32066666666666666,0.03213333333333333,0.011926580957396522,3
i_2S-1mg_mL,iota,water,7,0.31,0.015033333333333334,0.005727419430540539,3
i_2S-1mg_mL,iota,water,8,0.3046666666666667,0.007043333333333333,0.002752713812464588,3
i_2S-1mg_mL,iota,water,9,0.304,0.0022533333333333333,0.0009000185183280026,3
i_2S-1mg_mL,iota,water,10,0.3026666666666667,0.6337746666666667,0.5493769746952755,3
i_2S-1mg_mL,iota,water,11,0.287,0.9376666666666668,0.036018513757973526,3
i_2S-1mg_mL,iota,water,12,0.283,0.9363333333333334,0.03625373543972167,3
i_2S-1mg_mL,iota,water,13,0.26499999999999996,0.935,0.03649657518178933,3
i_2S-1mg_mL,iota,water,14,0.25899999999999995,0.9333333333333332,0.03625373543972167,3
i_2S-1mg_mL,iota,water,15,0.23666666666666666,0.9323333333333333,0.03625373543972167,3
i_2S-1mg_mL,iota,water,16,0.21166666666666667,0.9296666666666668,0.03592121007612815,3
i_2S-1mg_mL,iota,water,17,0.16766666666666666,0.9266666666666667,0.03674688195389277,3
i_2S-1mg_mL,iota,water,18,0.125,0.9246666666666666,0.03674688195389277,3
i_2S-1mg_mL,iota,water,19,1.0319333333333334,0.9216666666666667,0.0376474877426546,3
i_2S-1mg_mL,iota,water,20,1.3453,0.918,0.03732291521304296,3
i_2S-1mg_mL,iota,water,21,2.1666666666666665,0.9143333333333333,0.03789898855290641,3
i_2S-1mg_mL,iota,water,22,3.0,0.91,0.03732291521304296,3
i_2S-1mg_mL,iota,water,23,3.8333333333333335,0.9043333333333333,0.0378461799040977,3
i_2S-1mg_mL,iota,water,24,4.833333333333333,0.8983333333333333,0.03873413653785677,3
i_2S-1mg_mL,iota,water,25,6.5,0.8916666666666666,0.038423083339749455,3
i_2S-1mg_mL,iota,water,26,8.166666666666666,0.8843333333333333,0.039576929306520736,3
i_2S-1mg_mL,iota,water,27,10.166666666666666,0.876,0.03984971769034259,3
i_2S-1mg_mL,iota,water,28,12.833333333333334,0.8649999999999999,0.039837168574084245,3
i_2S-1mg_mL,iota,water,29,16.166666666666668,0.8513333333333333,0.04042688874169443,3
i_2S-1mg_mL,iota,water,30,19.833333333333332,0.8370000000000001,0.04243819034784586,3
i_2S-1mg_mL,iota,water,31,25.166666666666668,0.8203333333333335,0.043085186936270004,3
i_2S-1mg_mL,iota,water,32,31.833333333333332,0.7993333333333333,0.04488132499529544,3
i_2S-1mg_mL,iota,water,33,39.166666666666664,0.7786666666666666,0.047077949544700126,3
i_2S-1mg_mL,iota,water,34,49.833333333333336,0.7536666666666667,0.048086727205470546,3
i_2S-1mg_mL,iota,water,35,60.5,0.7236666666666666,0.05001333155602952,3
i_2S-1mg_mL,iota,water,36,75.16666666666667,0.6943333333333334,0.05435377938408084,3
i_2S-1mg_mL,iota,water,37,95.5,0.66,0.055865910893853676,3
i_2S-1mg_mL,iota,water,38,122.16666666666667,0.6183333333333333,0.06030201765557555,3
i_2S-1mg_mL,iota,water,39,151.66666666666666,0.5790000000000001,0.06609084656743318,3
i_2S-1mg_mL,iota,water,40,194.33333333333334,0.536,0.07014983962918234,3
i_2S-1mg_mL-mean,iota,water,1,0.575,0.272,,1
i_2S-1mg_mL-mean,iota,water,2,0.543,0.225,,1
i_2S-1mg_mL-mean,iota,water,3,0.51,0.17,,1
i_2S-1mg_mL-mean,iota,water,4,0.477,0.117,,1
i_2S-1mg_mL-mean,iota,water,5,0.458,0.08,,1
i_2S-1mg_mL-mean,iota,water,6,0.445,0.0454,,1
i_2S-1mg_mL-mean,iota,water,7,0.432,0.0214,,1
i_2S-1mg_mL-mean,iota,water,8,0.415,0.0101,,1
i_2S-1mg_mL-mean,iota,water,9,0.408,0.00325,,1
i_2S-1mg_mL-mean,iota,water,10,0.404,0.98,,1
i_2S-1mg_mL-mean,iota,water,11,0.388,0.979,,1
i_2S-1mg_mL-mean,iota,water,12,0.383,0.978,,1
i_2S-1mg_mL-mean,iota,water,13,0.358,0.977,,1
i_2S-1mg_mL-mean,iota,water,14,0.347,0.975,,1
i_2S-1mg_mL-mean,iota,water,15,0.323,0.974,,1
i_2S-1mg_mL-mean,iota,water,16,0.27,0.971,,1
i_2S-1mg_mL-mean,iota,water,17,0.22,0.969,,1
i_2S-1mg_mL-mean,iota,water,18,0.15,0.967,,1
i_2S-1mg_mL-mean,iota,water,19,1.5,0.965,,1
i_2S-1mg_mL-mean,iota,water,20,2.0,0.961,,1
i_2S-1mg_mL-mean,iota,water,21,2.5,0.958,,1
i_2S-1mg_mL-mean,iota,water,22,3.5,0.953,,1
i_2S-1mg_mL-mean,iota,water,23,4.5,0.948,,1
i_2S-1mg_mL-mean,iota,water,24,5.5,0.943,,1
i_2S-1mg_mL-mean,iota,water,25,7.5,0.936,,1
i_2S-1mg_mL-mean,iota,water,26,9.5,0.93,,1
i_2S-1mg_mL-mean,iota,water,27,11.5,0.922,,1
i_2S-1mg_mL-mean,iota,water,28,14.5,0.911,,1
i_2S-1mg_mL-mean,iota,water,29,18.5,0.898,,1
i_2S-1mg_mL-mean,iota,water,30,22.5,0.886,,1
i_2S-1mg_mL-mean,iota,water,31,28.5,0.87,,1
i_2S-1mg_mL-mean,iota,water,32,36.5,0.851,,1
i_2S-1mg_mL-mean,iota,water,33,44.5,0.833,,1
i_2S-1mg_mL-mean,iota,water,34,56.5,0.809,,1
i_2S-1mg_mL-mean,iota,water,35,68.5,0.781,,1
i_2S-1mg_mL-mean,iota,water,36,84.5,0.757,,1
i_2S-1mg_mL-mean,iota,water,37,109.0,0.724,,1
i_2S-1mg_mL-mean,iota,water,38,141.0,0.687,,1
i_2S-1mg_mL-mean,iota,water,39,173.0,0.655,,1
i_2S-1mg_mL-mean,iota,water,40,221.0,0.616,,1
i_2S-20ug_mL,iota,water,1,0.434,0.20486666666666667,0.17269815671666372,3
i_2S-20ug_mL,iota,water,2,0.41900000000000004,0.16880000000000003,0.14367087387497857,3
i_2S-20ug_mL,iota,water,3,0.4063333333333334,0.12623333333333334,0.10891769063532945,3
i_2S-20ug_mL,iota,water,4,0.39666666666666667,0.08603333333333334,0.07561919950206648,3
i_2S-20ug_mL,iota,water,5,0.3873333333333333,0.05856666666666666,0.052260341879223605,3
i_2S-20ug_mL,iota,water,6,0.37233333333333335,0.03283333333333333,0.029940162546875617,3
i_2S-20ug_mL,iota,water,7,0.35666666666666663,0.01527,0.01425650377897751,3
i_2S-20ug_mL,iota,water,8,0.34600000000000003,0.0070999999999999995,0.006760147927375554,3
i_2S-20ug_mL,iota,water,9,0.3313333333333333,0.002262333333333333,0.002217064801338322,3
i_2S-20ug_mL,iota,water,10,0.31466666666666665,0.7413333333333334,0.2765815129999353,3
i_2S-20ug_mL,iota,water,11,0.3053333333333333,0.7383333333333333,0.27822353123582727,3
i_2S-20ug_mL,iota,water,12,0.28933333333333333,0.7383333333333333,0.27822353123582727,3
i_2S-20ug_mL,iota,water,13,0.2714333333333333,0.735,0.2731281750387536,3
i_2S-20ug_mL,iota,water,14,0.24966666666666668,0.7360000000000001,0.2721635537686852,3
i_2S-20ug_mL,iota,water,15,0.22166666666666668,0.7363333333333334,0.27990415026100157,3
i_2S-20ug_mL,iota,water,16,0.18873333333333334,0.731,0.27598369517056626,3
i_2S-20ug_mL,iota,water,17,0.16133333333333336,0.7313333333333333,0.27534039538965827,3
i_2S-20ug_mL,iota,water,18,0.10726666666666668,0.73,0.27646157056632664,3
i_2S-20ug_mL,iota,water,19,1.5,0.7293333333333334,0.2767857173579109,3
i_2S-20ug_mL,iota,water,20,2.0,0.727,0.2784043821494195,3
i_2S-20ug_mL,iota,water,21,2.5,0.7233333333333333,0.2731836988792219,3
i_2S-20ug_mL,iota,water,22,3.5,0.7210000000000001,0.27480356620684526,3
i_2S-20ug_mL,iota,water,23,4.5,0.7183333333333334,0.2768290688011888,3
i_2S-20ug_mL,iota,water,24,5.5,0.7120000000000001,0.2736220020393097,3
i_2S-20ug_mL,iota,water,25,7.5,0.7083333333333334,0.27596799331323424,3
i_2S-20ug_mL,iota,water,26,9.5,0.7056666666666667,0.2782271254449022,3
i_2S-20ug_mL,iota,water,27,11.5,0.698,0.27594202289611497,3
i_2S-20ug_mL,iota,water,28,14.5,0.6886666666666666,0.2747823381029671,3
i_2S-20ug_mL,iota,water,29,18.5,0.6789999999999999,0.27725259241348854,3
i_2S-20ug_mL,iota,water,30,22.5,0.6696666666666666,0.27804016496422473,3
i_2S-20ug_mL,iota,water,31,28.5,0.657,0.2790483829016036,3
i_2S-20ug_mL,iota,water,32,36.5,0.6416666666666667,0.2797218856888629,3
i_2S-20ug_mL,iota,water,33,44.5,0.628,0.2807863956818421,3
i_2S-20ug_mL,iota,water,34,56.5,0.6093333333333334,0.28267000784188856,3
i_2S-20ug_mL,iota,water,35,68.5,0.5870000000000001,0.28608390377649706,3
i_2S-20ug_mL,iota,water,36,84.5,0.568,0.2886052667572094,3
i_2S-20ug_mL,iota,water,37,109.0,0.5419999999999999,0.292964161630736,3
i_2S-20ug_mL,iota,water,38,141.0,0.513,0.2992808045966196,3
i_2S-20ug_mL,iota,water,39,173.0,0.48866666666666664,0.3043720311285735,3
i_2S-20ug_mL,iota,water,40,221.0,0.45966666666666667,0.3130085195858626,3
i_2S-20ug_mL-mean,iota,water,1,0.798,0.401,,1
i_2S-20ug_mL-mean,iota,water,2,0.785,0.332,,1
i_2S-20ug_mL-mean,iota,water,3,0.771,0.25,,1
i_2S-20ug_mL-mean,iota,water,4,0.753,0.172,,1
i_2S-20ug_mL-mean,iota,water,5,0.735,0.118,,1
i_2S-20ug_mL-mean,iota,water,6,0.716,0.0669,,1
i_2S-20ug_mL-mean,iota,water,7,0.69,0.0315,,1
i_2S-20ug_mL-mean,iota,water,8,0.672,0.0148,,1
i_2S-20ug_mL-mean,iota,water,9,0.65,0.00479,,1
i_2S-20ug_mL-mean,iota,water,10,0.629,1.05,,1
i_2S-20ug_mL-mean,iota,water,11,0.618,1.05,,1
i_2S-20ug_mL-mean,iota,water,12,0.598,1.05,,1
i_2S-20ug_mL-mean,iota,water,13,0.569,1.04,,1
i_2S-20ug_mL-mean,iota,water,14,0.531,1.04,,1
i_2S-20ug_mL-mean,iota,water,15,0.46,1.05,,1
i_2S-20ug_mL-mean,iota,water,16,0.403,1.04,,1
i_2S-20ug_mL-mean,iota,water,17,0.337,1.04,,1
i_2S-20ug_mL-mean,iota,water,18,0.202,1.04,,1
i_2S-20ug_mL-mean,iota,water,19,1.5,1.04,,1
i_2S-20ug_mL-mean,iota,water,20,2.0,1.04,,1
i_2S-20ug_mL-mean,iota,water,21,2.5,1.03,,1
i_2S-20ug_mL-mean,iota,water,22,3.5,1.03,,1
i_2S-20ug_mL-mean,iota,water,23,4.5,1.03,,1
i_2S-20ug_mL-mean,iota,water,24,5.5,1.02,,1
i_2S-20ug_mL-mean,iota,water,25,7.5,1.02,,1
i_2S-20ug_mL-mean,iota,water,26,9.5,1.02,,1
i_2S-20ug_mL-mean,iota,water,27,11.5,1.01,,1
i_2S-20ug_mL-mean,iota,water,28,14.5,1.0,,1
i_2S-20ug_mL-mean,iota,water,29,18.5,0.994,,1
i_2S-20ug_mL-mean,iota,water,30,22.5,0.986,,1
i_2S-20ug_mL-mean,iota,water,31,28.5,0.975,,1
i_2S-20ug_mL-mean,iota,water,32,36.5,0.961,,1
i_2S-20ug_mL-mean,iota,water,33,44.5,0.949,,1
i_2S-20ug_mL-mean,iota,water,34,56.5,0.933,,1
i_2S-20ug_mL-mean,iota,water,35,68.5,0.915,,1
i_2S-20ug_mL-mean,iota,water,36,84.5,0.899,,1
i_2S-20ug_mL-mean,iota,water,37,109.0,0.878,,1
i_2S-20ug_mL-mean,iota,water,38,141.0,0.856,,1
i_2S-20ug_mL-mean,iota,water,39,173.0,0.837,,1
i_2S-20ug_mL-mean,iota,water,40,221.0,0.817,,1
k_1s-100ug_mL,kappa,water,1,0.5870666666666667,0.11403333333333333,0.16285319564974257,3
k_1s-100ug_mL,kappa,water,2,0.7436333333333334,0.11073333333333334,0.1682762708563906,3
k_1s-100ug_mL,kappa,water,3,0.8984666666666666,0.10597,0.1697818032063507,3
k_1s-100ug_mL,kappa,water,4,1.2198666666666667,0.10304999999999999,0.1714342494952511,3
k_1s-100ug_mL,kappa,water,5,1.5442,0.10212333333333333,0.17309974764087133,3
k_1s-100ug_mL,kappa,water,6,1.8665,0.10093933333333333,0.17325791699467394,3
k_1s-100ug_mL,kappa,water,7,2.5283333333333333,0.192806,0.1669756177051009,3
k_1s-100ug_mL,kappa,water,8,3.1927,0.19205033333333335,0.16669737730490342,3
k_1s-100ug_mL,kappa,water,9,3.855066666666667,0.1916783,0.16643811033735634,3
k_1s-100ug_mL,kappa,water,10,4.8564,0.28633333333333333,0.012013880860626715,3
k_1s-100ug_mL,kappa,water,11,6.184966666666667,0.28733333333333333,0.011503622617824914,3
k_1s-100ug_mL,kappa,water,12,7.518166666666667,0.2856666666666667,0.012013880860626724,3
k_1s-100ug_mL,kappa,water,13,10.010633333333333,0.2853333333333333,0.011590225767142453,3
k_1s-100ug_mL,kappa,water,14,12.8377,0.2836666666666667,0.012055427546683406,3
k_1s-100ug_mL,kappa,water,15,15.6708,0.2843333333333333,0.009609023536933029,3
k_1s-100ug_mL,kappa,water,16,20.011433333333333,0.2823333333333333,0.009609023536933029,3
k_1s-100ug_mL,kappa,water,17,24.342133333333333,0.2816666666666667,0.009712534856222296,3
k_1s-100ug_mL,kappa,water,18,30.0065,0.2806666666666667,0.01040832999733065,3
k_1s-100ug_mL,kappa,water,19,39.333333333333336,0.2786666666666667,0.008504900548115367,3
k_1s-100ug_mL,kappa,water,20,50.833333333333336,0.27699999999999997,0.008660254037844354,3
k_1s-100ug_mL,kappa,water,21,62.333333333333336,0.2753333333333334,0.00907377172587744,3
k_1s-100ug_mL,kappa,water,22,79.66666666666667,0.273,0.008185352771872458,3
k_1s-100ug_mL,kappa,water,23,102.66666666666667,0.27033333333333337,0.008504900548115396,3
k_1s-100ug_mL,kappa,water,24,125.66666666666667,0.267,0.009165151389911688,3
k_1s-100ug_mL,kappa,water,25,160.33333333333334,0.26366666666666666,0.010785793124908962,3
k_1s-100ug_mL,kappa,water,26,206.33333333333334,0.25933333333333336,0.012741009902410944,3
k_1s-100ug_mL,kappa,water,27,252.33333333333334,0.255,0.014933184523068091,3
k_1s-100ug_mL,kappa,water,28,321.3333333333333,0.249,0.018027756377319955,3
k_1s-100ug_mL,kappa,water,29,412.3333333333333,0.24233333333333332,0.02182506204649448,3
k_1s-100ug_mL,kappa,water,30,502.3333333333333,0.23666666666666666,0.025106440076867412,3
k_1s-100ug_mL,kappa,water,31,642.5,0.228,0.03004995840263344,3
k_1s-100ug_mL,kappa,water,32,825.8333333333334,0.21833333333333335,0.03550117368951812,3
k_1s-100ug_mL,kappa,water,33,1009.1666666666666,0.21,0.03999999999999999,3
k_1s-100ug_mL,kappa,water,34,1285.8333333333333,0.19766666666666666,0.04601449047129972,3
k_1s-100ug_mL,kappa,water,35,1651.1666666666667,0.18466666666666667,0.05253887449625594,3
k_1s-100ug_mL,kappa,water,36,2021.1666666666667,0.17266666666666666,0.05753549628997158,3
k_1s-100ug_mL,kappa,water,37,2571.3333333333335,0.15823333333333334,0.062668679045703,3
k_1s-100ug_mL,kappa,water,38,3308.0,0.14386666666666667,0.06470435327961584,3
k_1s-100ug_mL,kappa,water,39,4058.0,0.12746666666666667,0.0713123645192987,3
k_1s-100ug_mL,kappa,water,40,5138.0,0.11036666666666667,0.07495200686661654,3
k_1s-100ug_mL-mean,kappa,water,1,1.5,0.302,,1
k_1s-100ug_mL-mean,kappa,water,2,2.0,0.305,,1
k_1s-100ug_mL-mean,kappa,water,3,2.5,0.302,,1
k_1s-100ug_mL-mean,kappa,water,4,3.5,0.301,,1
k_1s-100ug_mL-mean,kappa,water,5,4.5,0.302,,1
k_1s-100ug_mL-mean,kappa,water,6,5.5,0.301,,1
k_1s-100ug_mL-mean,kappa,water,7,7.5,0.3,,1
k_1s-100ug_mL-mean,kappa,water,8,9.5,0.301,,1
k_1s-100ug_mL-mean,kappa,water,9,11.5,0.3,,1
k_1s-100ug_mL-mean,kappa,water,10,14.5,0.298,,1
k_1s-100ug_mL-mean,kappa,water,11,18.5,0.299,,1
k_1s-100ug_mL-mean,kappa,water,12,22.5,0.298,,1
k_1s-100ug_mL-mean,kappa,water,13,28.5,0.296,,1
k_1s-100ug_mL-mean,kappa,water,14,36.5,0.295,,1
k_1s-100ug_mL-mean,kappa,water,15,44.5,0.293,,1
k_1s-100ug_mL-mean,kappa,water,16,56.5,0.291,,1
k_1s-100ug_mL-mean,kappa,water,17,68.5,0.29,,1
k_1s-100ug_mL-mean,kappa,water,18,84.5,0.289,,1
k_1s-100ug_mL-mean,kappa,water,19,109.0,0.285,,1
k_1s-100ug_mL-mean,kappa,water,20,141.0,0.282,,1
k_1s-100ug_mL-mean,kappa,water,21,173.0,0.279,,1
k_1s-100ug_mL-mean,kappa,water,22,221.0,0.275,,1
k_1s-100ug_mL-mean,kappa,water,23,285.0,0.27,,1
k_1s-100ug_mL-mean,kappa,water,24,349.0,0.265,,1
k_1s-100ug_mL-mean,kappa,water,25,445.0,0.259,,1
k_1s-100ug_mL-mean,kappa,water,26,573.0,0.251,,1
k_1s-100ug_mL-mean,kappa,water,27,701.0,0.244,,1
k_1s-100ug_mL-mean,kappa,water,28,893.0,0.234,,1
k_1s-100ug_mL-mean,kappa,water,29,1150.0,0.223,,1
k_1s-100ug_mL-mean,kappa,water,30,1400.0,0.213,,1
k_1s-100ug_mL-mean,kappa,water,31,1790.0,0.199,,1
k_1s-100ug_mL-mean,kappa,water,32,2300.0,0.183,,1
k_1s-100ug_mL-mean,kappa,water,33,2810.0,0.17,,1
k_1s-100ug_mL-mean,kappa,water,34,3580.0,0.151,,1
k_1s-100ug_mL-mean,kappa,water,35,4600.0,0.131,,1
k_1s-100ug_mL-mean,kappa,water,36,5630.0,0.114,,1
k_1s-100ug_mL-mean,kappa,water,37,7160.0,0.0947,,1
k_1s-100ug_mL-mean,kappa,water,38,9210.0,0.0796,,1
k_1s-100ug_mL-mean,kappa,water,39,11300.0,0.0554,,1
k_1s-100ug_mL-mean,kappa,water,40,14300.0,0.0351,,1
k_1s-1mg_mL,kappa,water,1,0.4036666666666667,0.0647,0.051445796718488083,3
k_1s-1mg_mL,kappa,water,2,0.32866666666666666,0.05296666666666666,0.04253473090702859,3
k_1s-1mg_mL,kappa,water,3,0.25833333333333336,0.03933333333333334,0.0315487453527606,3
k_1s-1mg_mL,kappa,water,4,0.21066666666666667,0.026600000000000002,0.02133799428249994,3
k_1s-1mg_mL,kappa,water,5,0.19433333333333333,0.018013333333333336,0.01447489320628423,3
k_1s-1mg_mL,kappa,water,6,0.19133333333333336,0.010026666666666668,0.008044105502374601,3
k_1s-1mg_mL,kappa,water,7,0.18466666666666667,0.0046099999999999995,0.003695240181639077,3
k_1s-1mg_mL,kappa,water,8,0.17166666666666666,0.002126666666666667,0.001702948423568175,3
k_1s-1mg_mL,kappa,water,9,0.16433333333333333,0.000666,0.0005325852044508935,3
k_1s-1mg_mL,kappa,water,10,0.15433333333333332,0.5990278666666667,0.5188765999056552,3
k_1s-1mg_mL,kappa,water,11,0.147,0.9010000000000001,0.01442220510185597,3
k_1s-1mg_mL,kappa,water,12,0.14366666666666666,0.8996666666666666,0.01401189970465576,3
k_1s-1mg_mL,kappa,water,13,0.14666666666666667,0.898,0.014933184523068112,3
k_1s-1mg_mL,kappa,water,14,0.12266666666666666,0.8973333333333334,0.014571661996262905,3
k_1s-1mg_mL,kappa,water,15,0.11523333333333334,0.8963333333333333,0.014571661996262995,3
k_1s-1mg_mL,kappa,water,16,0.10163333333333334,0.894,0.015132745950421592,3
k_1s-1mg_mL,kappa,water,17,0.08786666666666666,0.8923333333333333,0.015307950004273376,3
k_1s-1mg_mL,kappa,water,18,0.05203333333333333,0.89,0.015132745950421592,3
k_1s-1mg_mL,kappa,water,19,1.0096666666666667,0.8873333333333333,0.015307950004273376,3
k_1s-1mg_mL,kappa,water,20,1.3407,0.8846666666666666,0.01569500982265803,3
k_1s-1mg_mL,kappa,water,21,2.1666666666666665,0.8809999999999999,0.015132745950421547,3
k_1s-1mg_mL,kappa,water,22,3.0,0.8776666666666667,0.01550268793897803,3
k_1s-1mg_mL,kappa,water,23,3.8333333333333335,0.8729999999999999,0.015716233645501725,3
k_1s-1mg_mL,kappa,water,24,4.833333333333333,0.868,0.01587450786638756,3
k_1s-1mg_mL,kappa,water,25,6.5,0.862,0.015716233645501725,3
k_1s-1mg_mL,kappa,water,26,8.166666666666666,0.8563333333333333,0.01607275126832157,3
k_1s-1mg_mL,kappa,water,27,10.166666666666666,0.8486666666666666,0.016289055630494185,3
k_1s-1mg_mL,kappa,water,28,12.833333333333334,0.8396666666666667,0.01703917055884271,3
k_1s-1mg_mL,kappa,water,29,16.166666666666668,0.828,0.01819340539866025,3
k_1s-1mg_mL,kappa,water,30,19.833333333333332,0.816,0.018193405398660253,3
k_1s-1mg_mL,kappa,water,31,25.166666666666668,0.8013333333333333,0.01939931270260193,3
k_1s-1mg_mL,kappa,water,32,31.833333333333332,0.7833333333333333,0.02122105872319607,3
k_1s-1mg_mL,kappa,water,33,39.166666666666664,0.7643333333333334,0.021126602503321087,3
k_1s-1mg_mL,kappa,water,34,49.833333333333336,0.7413333333333334,0.0247857485933618,3
k_1s-1mg_mL,kappa,water,35,60.5,0.7120000000000001,0.028160255680657394,3
k_1s-1mg_mL,kappa,water,36,75.16666666666667,0.6813333333333333,0.02893671255228092,3
k_1s-1mg_mL,kappa,water,37,95.5,0.6436666666666667,0.036363901514184886,3
k_1s-1mg_mL,kappa,water,38,122.16666666666667,0.5953333333333334,0.04463556130859488,3
k_1s-1mg_mL,kappa,water,39,151.66666666666666,0.5439999999999999,0.04948737212663452,3
k_1s-1mg_mL,kappa,water,40,194.33333333333334,0.482,0.06504613747179772,3
k_1s-1mg_mL-mean,kappa,water,1,0.461,0.124,,1
k_1s-1mg_mL-mean,kappa,water,2,0.405,0.102,,1
k_1s-1mg_mL-mean,kappa,water,3,0.337,0.0757,,1
k_1s-1mg_mL-mean,kappa,water,4,0.276,0.0512,,1
k_1s-1mg_mL-mean,kappa,water,5,0.241,0.0347,,1
k_1s-1mg_mL-mean,kappa,water,6,0.235,0.0193,,1
k_1s-1mg_mL-mean,kappa,water,7,0.228,0.00887,,1
k_1s-1mg_mL-mean,kappa,water,8,0.211,0.00409,,1
k_1s-1mg_mL-mean,kappa,water,9,0.201,0.00128,,1
k_1s-1mg_mL-mean,kappa,water,10,0.188,0.912,,1
k_1s-1mg_mL-mean,kappa,water,11,0.173,0.913,,1
k_1s-1mg_mL-mean,kappa,water,12,0.182,0.911,,1
k_1s-1mg_mL-mean,kappa,water,13,0.193,0.909,,1
k_1s-1mg_mL-mean,kappa,water,14,0.153,0.909,,1
k_1s-1mg_mL-mean,kappa,water,15,0.148,0.908,,1
k_1s-1mg_mL-mean,kappa,water,16,0.145,0.906,,1
k_1s-1mg_mL-mean,kappa,water,17,0.116,0.904,,1
k_1s-1mg_mL-mean,kappa,water,18,0.0443,0.902,,1
k_1s-1mg_mL-mean,kappa,water,19,1.5,0.899,,1
k_1s-1mg_mL-mean,kappa,water,20,2.0,0.897,,1
k_1s-1mg_mL-mean,kappa,water,21,2.5,0.893,,1
k_1s-1mg_mL-mean,kappa,water,22,3.5,0.889,,1
k_1s-1mg_mL-mean,kappa,water,23,4.5,0.884,,1
k_1s-1mg_mL-mean,kappa,water,24,5.5,0.88,,1
k_1s-1mg_mL-mean,kappa,water,25,7.5,0.873,,1
k_1s-1mg_mL-mean,kappa,water,26,9.5,0.868,,1
k_1s-1mg_mL-mean,kappa,water,27,11.5,0.86,,1
k_1s-1mg_mL-mean,kappa,water,28,14.5,0.85,,1
k_1s-1mg_mL-mean,kappa,water,29,18.5,0.838,,1
k_1s-1mg_mL-mean,kappa,water,30,22.5,0.827,,1
k_1s-1mg_mL-mean,kappa,water,31,28.5,0.811,,1
k_1s-1mg_mL-mean,kappa,water,32,36.5,0.793,,1
k_1s-1mg_mL-mean,kappa,water,33,44.5,0.775,,1
k_1s-1mg_mL-mean,kappa,water,34,56.5,0.752,,1
k_1s-1mg_mL-mean,kappa,water,35,68.5,0.723,,1
k_1s-1mg_mL-mean,kappa,water,36,84.5,0.696,,1
k_1s-1mg_mL-mean,kappa,water,37,109.0,0.66,,1
k_1s-1mg_mL-mean,kappa,water,38,141.0,0.617,,1
k_1s-1mg_mL-mean,kappa,water,39,173.0,0.576,,1
k_1s-1mg_mL-mean,kappa,water,40,221.0,0.523,,1
