Sample_Name,sample_base,carrageenan,matrix,concentration_label,replicate,dist_signal_max,dist_signal_mean,dist_signal_std,dist_x_at_max,n_points
L_3S-1mg_mL 1,L_3S-1mg_mL,lambda,water,1 mg/mL,1.0,0.94,0.6994724999999999,0.34956819880261214,0.249,40
L_3S-1mg_mL 2,L_3S-1mg_mL,lambda,water,1 mg/mL,2.0,0.932,0.68966125,0.3476175008000892,0.175,40
L_3S-1mg_mL 3,L_3S-1mg_mL,lambda,water,1 mg/mL,3.0,0.909,0.7165250000000001,0.2696414920422472,0.143,40
L_3S-1mg_mL-mean,L_3S-1mg_mL-mean,lambda,water,1 mg/mL,,0.94,0.6994724999999999,0.34956819880261214,0.249,40
L_3S-35ug_mL 1,L_3S-35ug_mL,lambda,water,35 ug/mL,1.0,0.807,0.5930965,0.2838384700218753,0.373,40
L_3S-35ug_mL 2,L_3S-35ug_mL,lambda,water,35 ug/mL,2.0,0.738,0.5186165,0.27059671565984955,0.199,40
L_3S-35ug_mL 3,L_3S-35ug_mL,lambda,water,35 ug/mL,3.0,0.669,0.46092182500000006,0.25347287114614686,0.11,40
L_3S-35ug_mL-mean,L_3S-35ug_mL-mean,lambda,water,35 ug/mL,,0.807,0.5930965,0.2838384700218753,0.373,40
aMEM-Ctrl 1,aMEM-Ctrl,,medium,,1.0,0.918,0.70074625,0.316761148668977,0.49,40
aMEM-Ctrl 2,aMEM-Ctrl,,medium,,2.0,0.58,0.38619,0.21063027484683033,0.171,40
aMEM-Ctrl 3,aMEM-Ctrl,,medium,,3.0,0.544,0.374188375,0.1981453883350443,0.136,40
aMEM-Ctrl-mean,aMEM-Ctrl-mean,,medium,,,0.918,0.70074625,0.316761148668977,0.49,40
aMEM_10pct-Ctrl 1,aMEM_10pct-Ctrl,,medium,,1.0,0.857,0.327918225,0.3211617464350394,0.0261,40
aMEM_10pct-Ctrl 2,aMEM_10pct-Ctrl,,medium,,2.0,0.856,0.32359755,0.3216865416844,0.018,40
aMEM_10pct-Ctrl 3,aMEM_10pct-Ctrl,,medium,,3.0,0.818,0.3351096774193549,0.2941787952417585,7.5,31
aMEM_10pct-Ctrl-mean,aMEM_10pct-Ctrl-mean,,medium,,,0.857,0.327918225,0.3211617464350394,0.0261,40
aMEM_10pct-L_3s 1,aMEM_10pct-L_3s,lambda,medium,35 ug/mL,1.0,0.908,0.38363800000000003,0.34644466444004346,0.0133,40
aMEM_10pct-L_3s 2,aMEM_10pct-L_3s,lambda,medium,35 ug/mL,2.0,0.911,0.38526725,0.34783618264768,0.018,40
aMEM_10pct-L_3s 3,aMEM_10pct-L_3s,lambda,medium,35 ug/mL,3.0,0.724,0.5424,0.13117181269024394,173.0,10
aMEM_10pct-L_3s-mean,aMEM_10pct-L_3s-mean,lambda,medium,35 ug/mL,,0.908,0.38363800000000003,0.34644466444004346,0.0133,40
aMEM_10pct-i_2s 1,aMEM_10pct-i_2s,iota,medium,20 ug/mL,1.0,0.895,0.36097725,0.33852550682968463,0.0258,40
aMEM_10pct-i_2s 2,aMEM_10pct-i_2s,iota,medium,20 ug/mL,2.0,0.895,0.3563775,0.3375662195150638,1.5,40
aMEM_10pct-i_2s 3,aMEM_10pct-i_2s,iota,medium,20 ug/mL,3.0,0.846,0.3759964285714286,0.2989717569742232,11.5,28
aMEM_10pct-i_2s-mean,aMEM_10pct-i_2s-mean,iota,medium,20 ug/mL,,0.895,0.36097725,0.33852550682968463,0.0258,40
aMEM_10pct-k_1s 1,aMEM_10pct-k_1s,kappa,medium,100 ug/mL,1.0,0.863,0.34985645,0.3267401761636982,0.0263,40
aMEM_10pct-k_1s 2,aMEM_10pct-k_1s,kappa,medium,100 ug/mL,2.0,0.864,0.3479130525,0.3258551146145225,0.0364,40
aMEM_10pct-k_1s 3,aMEM_10pct-k_1s,kappa,medium,100 ug/mL,3.0,0.858,0.3415441,0.32347494345667244,0.0196,40
aMEM_10pct-k_1s-mean,aMEM_10pct-k_1s-mean,kappa,medium,100 ug/mL,,0.863,0.34985645,0.3267401761636982,0.0263,40
i_2S-1mg_mL 1,i_2S-1mg_mL,iota,water,1 mg/mL,1.0,0.98,0.71270375,0.34724521306764966,0.404,40
i_2S-1mg_mL 2,i_2S-1mg_mL,iota,water,1 mg/mL,2.0,0.921,0.6464369999999999,0.3359236762459057,0.265,40
i_2S-1mg_mL 3,i_2S-1mg_mL,iota,water,1 mg/mL,3.0,0.913,0.6209546,0.3508932105111329,0.222,40
i_2S-1mg_mL-mean,i_2S-1mg_mL-mean,iota,water,1 mg/mL,,0.98,0.71270375,0.34724521306764966,0.404,40
i_2S-20ug_mL 1,i_2S-20ug_mL,iota,water,20 ug/mL,1.0,1.05,0.8007747500000001,0.3637732047263226,0.629,40
i_2S-20ug_mL 2,i_2S-20ug_mL,iota,water,20 ug/mL,2.0,0.658,0.45080125000000004,0.23556564568417557,0.188,40
i_2S-20ug_mL 3,i_2S-20ug_mL,iota,water,20 ug/mL,3.0,0.516,0.360496425,0.19434173863146828,0.127,40
i_2S-20ug_mL-mean,i_2S-20ug_mL-mean,iota,water,20 ug/mL,,1.05,0.8007747500000001,0.3637732047263226,0.629,40
k_1s-100ug_mL 1,k_1s-100ug_mL,kappa,water,100 ug/mL,1.0,0.305,0.24139499999999997,0.07824101144409411,2.0,40
k_1s-100ug_mL 2,k_1s-100ug_mL,kappa,water,100 ug/mL,2.0,0.287,0.20540384750000001,0.11123989914742934,0.0481,40
k_1s-100ug_mL 3,k_1s-100ug_mL,kappa,water,100 ug/mL,3.0,0.278,0.20339995000000002,0.09444787373153349,0.0229,40
k_1s-100ug_mL-mean,k_1s-100ug_mL-mean,kappa,water,100 ug/mL,,0.305,0.24139499999999997,0.07824101144409411,2.0,40
k_1s-1mg_mL 1,k_1s-1mg_mL,kappa,water,1 mg/mL,1.0,0.913,0.6494785000000001,0.34300813606669545,0.173,40
k_1s-1mg_mL 2,k_1s-1mg_mL,kappa,water,1 mg/mL,2.0,0.905,0.617656315,0.3654307656947848,0.137,40
k_1s-1mg_mL 3,k_1s-1mg_mL,kappa,water,1 mg/mL,3.0,0.885,0.6121954749999999,0.3461231783747742,0.128,40
k_1s-1mg_mL-mean,k_1s-1mg_mL-mean,kappa,water,1 mg/mL,,0.913,0.6494785000000001,0.34300813606669545,0.173,40
