Sample_Name,sample_base,matrix,carrageenan,concentration_label,replicate,corr_n_points,corr_tau50_s,corr_tau20_s,corr_auc_logx,corr_initial_slope_logx,corr_y_start,corr_y_end,dist_n_points,dist_peak_x,dist_auc_logx,dist_width_halfmax_logx,dist_centroid_x,dist_signal_raw_max,dist_signal_raw_min,Z_Average_d_nm,PdI,Mean_Count_Rate_kcps,Intercept,Quality_Factor
L_3S-1mg_mL 1,L_3S-1mg_mL,water,lambda,1 mg/mL,1.0,192,2032.2849861922296,5822.765857798588,3.520641071829402,-0.004233399745838297,0.892,0.0,40.0,0.229,2.7250429519984456,3.4253141813090364,4.0926097140113695,0.94,0.00196,2225.0,0.641,150.7,0.941,0.0
L_3S-1mg_mL 2,L_3S-1mg_mL,water,lambda,1 mg/mL,2.0,192,2132.6795287159334,8076.700661846723,3.5887387346932487,-0.004650357299351221,0.908,0.0,40.0,0.175,2.6042315207920033,3.402880841050708,3.627080909188777,0.932,0.0011,2007.0,0.845,150.9,0.933,0.0
L_3S-1mg_mL 3,L_3S-1mg_mL,water,lambda,1 mg/mL,3.0,192,1758.7841546584602,5857.663020917024,3.4402998722118463,-0.0042661505107259795,0.833,0.0,40.0,0.143,3.2738093591865827,4.176469070721008,13.7932802744794,0.909,0.0299,1593.0,1.0,144.5,0.91,0.0
L_3S-1mg_mL-mean,,,,,,192,2032.2849861922296,5822.765857798588,3.520641071829402,-0.004233399745838297,0.892,0.0,40.0,0.229,2.7250429519984456,3.4253141813090364,4.0926097140113695,0.94,0.00196,,,,,
L_3S-35ug_mL 1,L_3S-35ug_mL,water,lambda,35 ug/mL,1.0,192,1373.3728261534552,38814.13943070888,3.568301913077366,-0.013397941051790797,0.666,0.0,39.0,0.373,2.928911262875236,3.4434792059474413,4.159317195679398,0.807,0.005979999999999999,1408.0,0.829,53.0,0.806,0.0
L_3S-35ug_mL 2,L_3S-35ug_mL,water,lambda,35 ug/mL,2.0,192,921.252489342798,3442.3550039214147,3.3552295211112684,-0.016328461575876325,0.583,0.0,39.0,0.199,2.641228303490089,3.434301728091042,3.7430469423411714,0.738,0.00141,947.4,0.516,48.5,0.741,0.0
L_3S-35ug_mL 3,L_3S-35ug_mL,water,lambda,35 ug/mL,3.0,192,796.3573318554934,2388.957984690659,3.191251491558812,-0.020311551824084728,0.471,0.0,39.0,0.11,2.820820346755528,3.7696987727166382,2.9426676028211896,0.668,0.000473,844.1,0.547,51.3,0.668,0.0
L_3S-35ug_mL-mean,,,,,,192,1373.3728261534552,38814.13943070888,3.568301913077366,-0.013397941051790797,0.666,0.0,39.0,0.373,2.928911262875236,3.4434792059474413,4.159317195679398,0.807,0.005979999999999999,,,,,
aMEM-Ctrl 1,aMEM-Ctrl,medium,,,1.0,192,9168.515536516436,63896.93266406856,4.028026398382868,-0.046865069246040746,0.893,0.0,40.0,0.49,2.724454301585665,3.077220545282097,5.04842083317857,0.918,0.00425,3255.0,1.0,38.3,0.924,0.0
aMEM-Ctrl 2,aMEM-Ctrl,medium,,,2.0,192,542.5184872926591,1618.230501011975,3.1414085765830664,-0.1005996822931445,0.358,0.0,40.0,0.171,2.5552571360157335,3.2120003801728005,2.7610168287092742,0.58,0.00111,635.7,0.466,45.3,0.578,0.0
aMEM-Ctrl 3,aMEM-Ctrl,medium,,,3.0,192,876.5510752131041,4666.1580928395015,3.349639572508852,-0.08050687631556491,0.329,0.0,40.0,0.136,3.009736627582489,3.9696439276750066,2.7872594754110382,0.544,0.000715,895.3,0.559,63.6,0.54,0.0
aMEM-Ctrl-mean,,,,,,192,9168.515536516436,63896.93266406856,4.028026398382868,-0.046865069246040746,0.893,0.0,40.0,0.49,2.724454301585665,3.077220545282097,5.04842083317857,0.918,0.00425,,,,,
aMEM_10pct-Ctrl 1,aMEM_10pct-Ctrl,medium,,,1.0,192,21.667985579071754,61.94820765643282,1.6472077242348542,-0.17759506472840272,0.735,0.0,40.0,0.0261,2.824236814236194,2.9233218991061793,1.2750784676719895,0.857,0.000629,24.69,0.449,136.2,0.881,0.0
aMEM_10pct-Ctrl 2,aMEM_10pct-Ctrl,medium,,,2.0,192,21.24003627968175,60.725825960074935,1.6377248999006433,-0.17246635412180036,0.732,0.0,40.0,0.018,1.7095191817724837,2.80746188989389,0.49765949838543355,0.856,0.000108,23.61,0.487,136.7,0.877,0.0
aMEM_10pct-Ctrl 3,aMEM_10pct-Ctrl,medium,,,3.0,192,21.287165727371672,61.180009821523676,1.642997364672091,-0.18059180679674056,0.731,0.0,31.0,7.5,1.1580744453221024,1.0517954455579923,37.0629967970627,0.818,0.0155,23.77,0.487,135.7,0.877,0.0
aMEM_10pct-Ctrl-mean,,,,,,192,21.667985579071754,61.94820765643282,1.6472077242348542,-0.17759506472840272,0.735,0.0,40.0,0.0261,2.824236814236194,2.9233218991061793,1.2750784676719895,0.857,0.000629,,,,,
aMEM_10pct-L_3s 1,aMEM_10pct-L_3s,medium,lambda,35 ug/mL,1.0,192,30.503349648796245,102.3113415621181,1.7921412125496456,-0.13114147249897265,0.824,0.0,39.0,0.0133,2.3207076248579837,3.442007635303338,2.6464977602540274,0.908,0.00129,35.34,0.558,168.1,0.927,0.0
aMEM_10pct-L_3s 2,aMEM_10pct-L_3s,medium,lambda,35 ug/mL,2.0,192,30.702000697699212,102.29134627520082,1.7925907350535981,-0.13379963945025394,0.83,0.0,40.0,0.018,2.5431703017136766,3.3930875058776255,6.050448190822279,0.911,0.00152,35.55,0.559,168.3,0.928,0.0
aMEM_10pct-L_3s 3,aMEM_10pct-L_3s,medium,lambda,35 ug/mL,3.0,192,30.434355587066406,99.70609171646042,1.7889336006104095,-0.13359609586059384,0.826,0.0,10.0,173.0,0.4966844533591719,0.41031390785213606,335.6988361481363,0.724,0.334,35.21,0.549,167.9,0.927,0.0
aMEM_10pct-L_3s-mean,,,,,,192,30.503349648796245,102.3113415621181,1.7921412125496456,-0.13114147249897265,0.824,0.0,39.0,0.0133,2.3207076248579837,3.442007635303338,2.6464977602540274,0.908,0.00129,,,,,
aMEM_10pct-i_2s 1,aMEM_10pct-i_2s,medium,iota,20 ug/mL,1.0,192,25.480384612481807,77.60697443560807,1.7208370447904342,-0.15439784564245318,0.802,0.0,40.0,0.0258,3.12031503639238,3.122406400092905,3.4634398169812197,0.895,0.00382,28.8,0.517,145.3,0.918,0.0
aMEM_10pct-i_2s 2,aMEM_10pct-i_2s,medium,iota,20 ug/mL,2.0,192,24.822530288399513,74.04548954027989,1.7008589804647851,-0.1606762792210516,0.801,0.0,40.0,1.5,1.5810819313810254,1.5759571887637573,13.194091381545583,0.895,0.0124,28.01,0.508,144.8,0.916,0.0
aMEM_10pct-i_2s 3,aMEM_10pct-i_2s,medium,iota,20 ug/mL,3.0,192,24.45037493786815,73.96354151413404,1.70185348528479,-0.1600108000058824,0.799,0.0,28.0,11.5,1.1380203999565872,1.088521272301768,54.9424305449429,0.846,0.0232,27.91,0.501,145.1,0.915,0.0
aMEM_10pct-i_2s-mean,,,,,,192,25.480384612481807,77.60697443560807,1.7208370447904342,-0.15439784564245318,0.802,0.0,40.0,0.0258,3.12031503639238,3.122406400092905,3.4634398169812197,0.895,0.00382,,,,,
aMEM_10pct-k_1s 1,aMEM_10pct-k_1s,medium,kappa,100 ug/mL,1.0,192,26.135558999405823,79.79136672583692,1.729766273990804,-0.14225508714350768,0.744,0.0,40.0,0.0263,2.0766647180037565,3.08218675618735,0.9765411790545324,0.863,0.00031,29.65,0.524,144.7,0.882,0.0
aMEM_10pct-k_1s 2,aMEM_10pct-k_1s,medium,kappa,100 ug/mL,2.0,192,25.166623949176632,76.7858609191856,1.716858852045138,-0.15157241602384958,0.747,0.0,40.0,0.0364,1.7474836541801382,2.7197252259266382,0.36823705648559685,0.864,3.01e-05,29.37,0.47,144.4,0.885,0.0
aMEM_10pct-k_1s 3,aMEM_10pct-k_1s,medium,kappa,100 ug/mL,3.0,192,24.344021162990597,73.7059975601687,1.6984590066931786,-0.15237086743671846,0.737,0.0,39.0,0.0196,1.8574706302747075,2.94125991419492,1.0205787237009627,0.858,0.000388,27.76,0.507,142.5,0.878,0.0
aMEM_10pct-k_1s-mean,,,,,,192,26.135558999405823,79.79136672583692,1.729766273990804,-0.14225508714350768,0.744,0.0,40.0,0.0263,2.0766647180037565,3.08218675618735,0.9765411790545324,0.863,0.00031,,,,,
i_2S-1mg_mL 1,i_2S-1mg_mL,water,iota,1 mg/mL,1.0,192,1171.6203498250354,11121.403586355622,3.4742465389460055,-0.006161057399680597,0.982,0.0,40.0,0.404,2.6137953769250317,3.1683010146294293,4.320804545715935,0.98,0.00325,1260.0,0.762,345.4,0.982,0.0
i_2S-1mg_mL 2,i_2S-1mg_mL,water,iota,1 mg/mL,2.0,192,788.3995104343065,2860.1758215148925,3.229416517778364,-0.008518263773037172,0.872,0.0,40.0,0.251,2.595509911155162,3.340070899902468,3.605878130683629,0.921,0.00201,916.3,0.533,320.6,0.924,0.0
i_2S-1mg_mL 3,i_2S-1mg_mL,water,iota,1 mg/mL,3.0,192,725.2267109903668,2599.0566636802128,3.2003913765177145,-0.010451769252408444,0.872,0.0,39.0,0.21,2.7620654306201446,3.5941246640770608,2.426797020160243,0.912,0.000324,831.9,0.482,312.5,0.916,0.0
i_2S-1mg_mL-mean,,,,,,192,1171.6203498250354,11121.403586355622,3.4742465389460055,-0.006161057399680597,0.982,0.0,40.0,0.404,2.6137953769250317,3.1683010146294293,4.320804545715935,0.98,0.00325,,,,,
i_2S-20ug_mL 1,i_2S-20ug_mL,water,iota,20 ug/mL,1.0,192,7502.600484892899,75516.26580635279,4.057829111882042,-0.005925932107354317,1.17,0.0,40.0,0.46,2.6957153452237947,3.0390409042384867,5.3151926593492425,1.05,0.00479,2994.0,1.0,40.1,1.05,0.0
i_2S-20ug_mL 2,i_2S-20ug_mL,water,iota,20 ug/mL,2.0,192,929.0281540031176,127739.38530845109,3.6397153186998645,-0.02114856869837369,0.528,0.0,40.0,0.188,2.5827807238692606,3.34151988563924,2.949038136360942,0.658,0.00135,761.5,0.547,31.7,0.657,0.0
i_2S-20ug_mL 3,i_2S-20ug_mL,water,iota,20 ug/mL,3.0,192,888.269060648219,6095.790598523446,3.452716191123092,0.001381956064746392,0.299,0.0,39.0,0.127,2.863265282469203,3.62526224640906,2.645341561500129,0.516,0.000647,870.1,0.415,164.6,0.517,0.0
i_2S-20ug_mL-mean,,,,,,192,7502.600484892899,75516.26580635279,4.057829111882042,-0.005925932107354317,1.17,0.0,40.0,0.46,2.6957153452237947,3.0390409042384867,5.3151926593492425,1.05,0.00479,,,,,
k_1s-100ug_mL 1,k_1s-100ug_mL,water,kappa,100 ug/mL,1.0,192,1499.73548343071,5050.684442406753,3.4103258793956805,0.03540717442864559,0.0949,0.0,40.0,2.0,3.084463101400463,3.1856365769619117,65.57878595264626,0.305,0.0351,1530.0,0.69,286.7,0.305,0.0
k_1s-100ug_mL 2,k_1s-100ug_mL,water,kappa,100 ug/mL,2.0,192,1474.4272523801335,5179.766875564852,3.4449086792434844,0.037767398158770095,0.0879,0.0,40.0,0.0319,3.034566223366222,4.2509705885228755,2.1342585511752126,0.287,3.49e-05,1516.0,0.57,311.0,0.287,0.0
k_1s-100ug_mL 3,k_1s-100ug_mL,water,kappa,100 ug/mL,3.0,192,1028.0111989442617,3290.4280803449124,3.2426934085763675,0.03826754648867087,0.0773,0.0,40.0,0.0229,3.2556023900948814,4.697456781613778,6.295612307747092,0.278,0.000588,1063.0,0.723,269.7,0.276,0.0
k_1s-100ug_mL-mean,,,,,,192,1499.73548343071,5050.684442406753,3.4103258793956805,0.03540717442864559,0.0949,0.0,40.0,2.0,3.084463101400463,3.1856365769619117,65.57878595264626,0.305,0.0351,,,,,
k_1s-1mg_mL 1,k_1s-1mg_mL,water,kappa,1 mg/mL,1.0,192,990.2501577682847,2831.0184749140963,3.2201749551039467,-0.006161038778670318,0.837,0.0,40.0,0.173,2.8462267152504372,3.697988547462041,3.4197018530509546,0.913,0.00128,1164.0,0.488,207.0,0.915,0.0
k_1s-1mg_mL 2,k_1s-1mg_mL,water,kappa,1 mg/mL,2.0,192,842.8137761776914,2024.9401242633455,3.1147256255045406,-0.0038555612200908175,0.826,0.0,39.0,0.137,2.795746757258607,3.8048268389702686,2.1279240951932112,0.9045000000000001,8.36e-05,1006.0,0.309,201.8,0.907,0.0
k_1s-1mg_mL 3,k_1s-1mg_mL,water,kappa,1 mg/mL,3.0,192,824.0196123625939,1944.7311033592084,3.1323133462588197,-0.0036930579604948738,0.801,0.0,39.0,0.128,2.4740378141523336,3.3682278951494675,3.012940781238112,0.885,0.000329,989.9,0.187,208.0,0.887,0.0
k_1s-1mg_mL-mean,,,,,,192,990.2501577682847,2831.0184749140963,3.2201749551039467,-0.006161038778670318,0.837,0.0,40.0,0.173,2.8462267152504372,3.697988547462041,3.4197018530509546,0.913,0.00128,,,,,
milli_q-water 1,milli_q-water,water,,,1.0,192,1.851765221823839,4144433.5944649577,6.347740696396091,-0.1203197408905111,0.0792,0.0,,,,,,,,0.0,0.0,24.4,0.0,0.0
